month,total_attempts,completed_swaps,failed_swaps,abandoned_swaps,cancelled_swaps,system_error_swaps,total_revenue,total_contribution_margin,average_queue_wait,median_queue_wait,p90_queue_wait,completion_rate,failure_rate,abandonment_rate,cancellation_rate,system_error_rate,revenue_per_completed_swap,revenue_per_attempt,contribution_margin_per_completed_swap,contribution_margin_per_attempt
2024-01,110348,105490,2690,1405,445,318,6318995.2,3998023.95658,242.28671113205496,206.0,433.0,0.9559756407003299,0.024377424149055714,0.012732446442164787,0.004032696559973901,0.0028817921484757315,59.90136695421367,57.26424765287998,37.89955404853541,36.23105046380542
2024-02,111529,106580,2681,1451,471,346,6387494.8,4053243.3826,243.47463888316042,207.0,435.1999999999971,0.9556258910238593,0.02403859085977638,0.013010069130002062,0.004223116857498947,0.003102332128863345,59.93145805967348,57.27205300863452,38.03005613248264,36.34250627729111
2024-03,123898,118443,2937,1575,549,394,7093563.6,4521234.374770001,242.20738026441106,206.0,432.0,0.9559718478102955,0.023704983131285412,0.012712069605643353,0.00443106426253854,0.0031800351902371306,59.890104100706665,57.253253482703514,38.172237909965126,36.49158480984359
2024-04,131818,122836,5382,2683,524,393,7370255.8,4717656.86829,243.3297197651307,206.0,440.0,0.9318605956697872,0.04082902183313356,0.020353821177684382,0.003975177896797099,0.002981383422597824,60.000779901657495,55.91236249981034,38.40614207797388,35.78917043415922
2024-05,146278,128328,11313,5520,670,447,7689594.0,4951564.73954,242.73394495412845,202.0,455.0,0.8772884507581454,0.07733903936340393,0.037736365003623235,0.00458031966529485,0.003055825209532534,59.921404525902375,52.56835614378102,38.58522488887849,33.85037216491886
2024-06,148886,133741,9452,4596,638,459,8003155.6,5189792.28227,242.32013083835955,203.0,448.0,0.898277877033435,0.0634848138844485,0.030869255672124982,0.004285157771717959,0.0030828956382735785,59.84070404737515,53.753580591862224,38.8047964518734,34.85749017550341
2024-07,158688,151824,3734,2025,653,452,9879524.6,6713214.78614,243.12965693688244,207.0,433.0,0.956745311554749,0.023530449687436984,0.012760889292196008,0.0041149929421254285,0.0028483565234926397,65.07221914848772,62.25754058277878,44.217085481478556,42.30448922502017
2024-08,172293,164929,3955,2185,755,469,10724182.25,7318888.014350001,243.25375958396452,207.0,433.0,0.9572588555542013,0.022955082330680877,0.012681884928580963,0.004382070078296855,0.002722107108240033,65.02302354346416,62.243865101890385,44.37599218057467,42.479311488859096
2024-09,195883,187300,4690,2442,830,621,12115092.5,8284383.20649,242.9079246284772,206.0,433.0,0.9561830276236325,0.02394286385240169,0.012466625485621519,0.00423722324040371,0.0031702597979406076,64.68282167645488,61.848616265832156,44.230556361398826,42.292507295120046
2024-10,229897,219834,5483,2904,1011,665,14577008.95,10132419.56571,243.1189054228633,207.0,433.0,0.9562282239437662,0.02384981100231843,0.012631743780910582,0.004397621543560812,0.0028925997294440555,66.30916486985635,63.4066949546971,46.091230499877184,44.073735480280305
2024-11,238348,228249,5398,2959,1009,733,14759264.75,10214758.499199998,243.22066054676355,207.0,432.0,0.9576291808615973,0.022647557353113933,0.012414620638729924,0.004233305922432745,0.0030753352241260678,64.66299852354227,61.923174308154465,44.752697708204636,42.85648924765468
2024-12,264259,252615,6258,3371,1182,833,16343365.75,11384917.31084,242.9242372066798,206.0,434.0,0.9559371677028975,0.023681312651603163,0.012756424568321231,0.004472884556438948,0.003152210520739123,64.69673515032757,61.84601375922863,45.06825529299527,43.082420318097014
2025-01,281953,269839,6570,3591,1147,806,17451226.1,12250651.612559998,242.93814926601243,207.0,434.0,0.95703539242356,0.023301755966419934,0.01273616524739939,0.004068053895507407,0.002858632467113313,64.67273485300494,61.89409617915043,45.39985551591875,43.44926853965022
2025-02,268163,256666,6170,3386,1168,773,16606921.9,11765309.49499,243.62466112028878,207.0,434.0,0.9571268221193826,0.023008394148335155,0.012626648717384576,0.004355559864709151,0.002882575150188505,64.70246117522383,61.92846104794472,45.83898722460318,43.87372417145542
2025-03,304027,290741,7202,3824,1330,930,18818138.35,13473730.926339999,243.39830015097343,207.0,435.0,0.9562999338874508,0.023688685544375993,0.012577830258496778,0.004374611465429057,0.0030589388442473857,64.72474934735727,61.89627352175958,46.342727466507995,44.31754721238574
2025-04,312973,293213,11675,5754,1414,917,19012255.15,13731751.17848,242.68875589907117,206.0,437.0,0.9368635633105731,0.03730353736584306,0.0183849725056155,0.004517961613302106,0.0029299652046662172,64.84110578316786,60.747269413016454,46.831999872038416,43.875194277078215
2025-05,341727,307878,21168,10243,1451,987,20006274.25,14600166.529350001,242.62935910829404,203.0,448.0,0.900947247364124,0.06194418351491102,0.029974219186660697,0.004246079472795535,0.0028882704615087484,64.98117517328292,58.544610902855204,47.421922090405936,42.72465017206718
2025-06,335993,307256,17626,8619,1465,1027,19966938.6,14735326.71316,242.67143660731028,204.0,443.0,0.9144714324405568,0.05245942623804663,0.025652320137621913,0.004360209885324992,0.0030566112984496702,64.98469875283152,59.42665055521991,47.95781600085922,43.856052695026385
