hour,total_attempts,completed_swaps,failed_swaps,abandoned_swaps,cancelled_swaps,system_error_swaps,average_queue_wait,median_queue_wait,p90_queue_wait,completion_rate,failure_rate,abandonment_rate,cancellation_rate,system_error_rate
0,22049,20818,712,360,90,69,243.3241870379609,206.0,438.0,0.9441698036192118,0.03229171390992789,0.016327271078053426,0.004081817769513356,0.0031293936232935733
1,21852,20633,691,372,93,63,244.989886509244,207.0,439.0,0.9442156324363903,0.03162181951308805,0.017023613399231193,0.004255903349807798,0.002883031301482702
2,22040,20810,716,349,102,63,242.8421052631579,207.0,434.0,0.9441923774954628,0.03248638838475499,0.015834845735027223,0.0046279491833030855,0.0028584392014519054
3,22143,20927,669,371,104,72,243.25312739917808,206.0,436.0,0.9450842252630628,0.030212708305107708,0.016754730614641195,0.00469674389197489,0.003251591925213386
4,25007,23691,768,379,97,72,241.6138281281241,206.0,431.0,0.9473747350741792,0.030711400807773823,0.015155756388211301,0.00387891390410685,0.002879193825728796
5,24829,23494,743,414,108,70,243.75713882959442,206.0,438.0,0.9462322284425471,0.029924684844335254,0.016674050505457328,0.004349752305771477,0.00281928390188892
6,54829,51773,1736,908,239,173,242.49732805632055,205.0,433.0,0.9442630724616535,0.03166207663827537,0.016560579255503475,0.004359007094785606,0.00315526454978205
7,55237,52158,1724,929,257,169,243.98734543874576,206.0,437.40000000000146,0.944258377536796,0.031210963665658887,0.016818436917283706,0.0046526784582797765,0.003059543421981643
8,164727,155351,5392,2835,686,463,242.89653790817533,206.0,435.0,0.9430815834684053,0.03273294602584883,0.017210293394525487,0.004164466055959254,0.002810711055261129
9,232617,219611,7463,3840,1032,671,242.5561717329344,206.0,436.0,0.9440883512383016,0.03208277984842037,0.01650782187028463,0.004436477127638994,0.002884569915354424
10,135646,127875,4448,2332,586,405,244.38849652772657,207.0,440.0,0.9427111746752577,0.03279123601138257,0.017191808088701473,0.004320068413370096,0.002985712811288206
11,100366,94257,3552,1837,425,295,243.06819042305162,206.0,439.0,0.939132774046988,0.035390470876591675,0.01830301097981388,0.00423450172369129,0.0029392423729151305
12,363589,344063,11152,5772,1547,1055,242.66535841293327,206.0,435.0,0.9462965051197918,0.030671995027352312,0.015875067727571517,0.004254804188245519,0.0029016279370387994
13,371064,351091,11449,5840,1561,1123,242.72200482935557,206.0,435.0,0.9461737058836212,0.03085451566306621,0.01573852489058491,0.004206821464760796,0.0030264320979669274
14,165895,156589,5327,2783,697,499,243.19799873413908,206.0,438.0,0.9439042768015914,0.03211067241327346,0.01677567135838934,0.004201452726121944,0.0030079267006238885
15,103010,96806,3514,1900,480,310,243.15860596058636,206.0,438.0,0.9397728375885837,0.0341131928938938,0.018444811183380254,0.004659741772643433,0.0030094165614988834
16,104618,98291,3678,1903,438,308,243.60718040872507,206.0,441.0,0.9395228354585253,0.035156474029325736,0.01818998642680992,0.004186660039381368,0.0029440440459576746
17,121025,113872,4091,2146,545,371,243.6711919024995,207.0,437.0,0.9408965089857467,0.03380293327824829,0.017731873579838877,0.004503201817806239,0.003065482338359843
18,224331,211860,7107,3657,988,719,243.2234599765525,206.0,437.0,0.9444080399053185,0.03168086443692579,0.016301804030651137,0.004404206284463583,0.0032050853426410083
19,456086,426194,17826,8799,1922,1345,242.922475147231,205.0,439.0,0.9344597290861811,0.03908473401946124,0.019292414149962946,0.0042141175129251935,0.0029490052314695035
20,454453,424395,17878,8838,1964,1378,242.48021467566502,205.0,438.0,0.9338589469098014,0.03933960167498069,0.019447555632815715,0.004321679029514604,0.0030322167528875374
21,361210,337174,14142,7201,1576,1117,243.02091304227457,205.0,439.0,0.9334569917776363,0.03915173998505025,0.019935771434899364,0.004363112870629274,0.0030923839317848344
22,183613,171534,7261,3498,810,510,242.27158207752174,205.0,439.0,0.9342148976379668,0.03954513024676902,0.019050938659027412,0.004411452348145284,0.002777581108091475
23,24694,23361,742,400,111,80,244.9553332793391,207.0,442.0,0.9460192759374747,0.03004778488701709,0.016198266785453955,0.0044950190329634725,0.0032396533570907913
