station_id,city,location_type,charger_generation,commissioned_date,total_attempts,completed_swaps,failed_swaps,abandoned_swaps,cancelled_swaps,system_error_swaps,average_queue_wait,median_queue_wait,p90_queue_wait,completion_rate,failure_rate,abandonment_rate,cancellation_rate,system_error_rate,total_revenue,revenue_per_completed_swap
STN-BLR-001,Bengaluru,transit_hub,Gen1,2023-12-09,26253,25006,693,376,96,82,242.26823601112253,205.0,437.7999999999993,0.9525006665904849,0.026396983201919782,0.014322172704071916,0.003656724945720489,0.0031234525578029177,1651831.6,66.05741022154683
STN-BLR-002,Bengaluru,commercial_hub,Gen2,2023-06-20,30916,29568,781,369,124,74,243.2829926251779,206.0,432.0,0.9563979816276362,0.02526200025876569,0.011935567343770217,0.004010868158882132,0.0023935826109457888,1908560.55,64.54817877435065
STN-BLR-003,Bengaluru,commercial_hub,Gen2,2023-09-26,40239,38519,961,487,152,120,243.5380103879321,208.0,432.0,0.9572553989910286,0.02388230323815204,0.012102686448470389,0.0037774298566067743,0.0029821814657421905,2466592.4,64.03573301487577
STN-BLR-004,Bengaluru,market,Gen1,2023-08-25,52092,49668,1335,700,231,158,243.03294171849805,206.0,433.0,0.953466943100668,0.025627735544805345,0.013437763956077708,0.004434462105505644,0.0030330952929432543,3230934.4,65.05062414431828
STN-BLR-005,Bengaluru,residential,Gen1,2023-11-07,26380,25101,710,345,144,80,242.36675511751326,206.0,433.0,0.951516300227445,0.026914329037149357,0.013078089461713419,0.005458680818802123,0.003032600454890068,1695998.0,67.56694952392336
STN-BLR-006,Bengaluru,commercial_hub,Gen1,2023-06-10,31159,29749,748,420,147,95,243.83693314933086,207.0,436.0,0.954748226836548,0.02400590519593055,0.013479251580602715,0.00471773805321095,0.003048878333707757,1913785.45,64.33108507849003
STN-BLR-007,Bengaluru,commercial_hub,Gen2,2023-09-07,24075,23006,596,301,102,70,242.03036344755972,206.0,432.0,0.9555970924195223,0.024755970924195222,0.012502596053997924,0.004236760124610592,0.0029075804776739354,1511307.3,65.6918760323394
STN-BLR-008,Bengaluru,market,Gen2,2023-12-08,31225,29860,717,429,128,91,245.03253803042435,208.0,440.0,0.9562850280224179,0.022962369895916733,0.013738991192954363,0.004099279423538831,0.002914331465172138,1983172.25,66.41568151373075
STN-BLR-009,Bengaluru,commercial_hub,Gen1,2023-09-01,39125,37327,964,547,163,124,243.95874760383387,207.0,437.0,0.9540447284345048,0.02463897763578275,0.013980830670926517,0.004166134185303514,0.0031693290734824283,2464531.55,66.02543869049214
STN-BLR-010,Bengaluru,market,Gen2,2023-06-05,29975,28583,758,390,115,129,241.95853211009174,207.0,429.6000000000022,0.9535613010842369,0.025287739783152626,0.013010842368640533,0.003836530442035029,0.004303586321934946,1890170.95,66.12920092362593
STN-BLR-011,Bengaluru,tech_park,Gen1,2023-08-30,35151,33551,923,426,148,103,241.76655002702626,206.0,432.0,0.9544820915478934,0.02625814343830901,0.01211914312537339,0.004210406531819863,0.002930215356604364,2191551.3,65.31999940389258
STN-BLR-012,Bengaluru,tech_park,Gen1,2023-08-09,16582,15775,426,237,96,48,243.3990471595706,205.0,437.0,0.951332770474008,0.02569050777951996,0.014292606440718851,0.005789410203835484,0.002894705101917742,1046006.0,66.30782884310618
STN-BLR-013,Bengaluru,market,Gen2,2023-09-14,37910,36232,906,494,161,117,242.31326826694803,206.0,432.0,0.9557372724874703,0.0238987074650488,0.013030862569242943,0.00424690055394355,0.0030862569242943814,2372273.65,65.47454322146169
STN-BLR-014,Bengaluru,market,Gen1,2023-09-21,22829,21775,572,306,106,70,241.7213631784134,205.0,432.0,0.9538306539927286,0.025055850015331376,0.013404003679530423,0.004643216960883087,0.0030662753515265672,1444013.35,66.31519402985074
STN-BLR-015,Bengaluru,commercial_hub,Gen2,2023-11-05,30235,28921,730,375,119,90,241.61686786836447,206.0,431.0,0.9565404332726972,0.02414420373739044,0.012402844385645775,0.003935835951711593,0.0029766826525549858,1831295.15,63.320602676256
STN-BLR-016,Bengaluru,commercial_hub,Gen2,2023-11-11,20887,19982,489,279,83,54,243.49274668454063,207.0,434.0,0.9566716139225355,0.02341169148274046,0.013357590845980753,0.003973763585005027,0.0025853401637382103,1303565.6,65.23699329396457
STN-BLR-017,Bengaluru,tech_park,Gen2,2023-07-21,23968,22827,622,334,102,83,243.39899032042723,205.0,436.0,0.9523948598130841,0.025951268357810413,0.01393524699599466,0.004255674232309746,0.003462950600801068,1550027.7,67.9032592981995
STN-BLR-018,Bengaluru,market,Gen2,2023-07-24,40295,38371,1053,538,203,130,241.99741903461967,205.0,435.0,0.9522521404640775,0.02613227447574141,0.013351532448194566,0.005037845886586425,0.0032262067254001736,2502225.05,65.2113588387063
STN-BLR-019,Bengaluru,commercial_hub,Gen1,2023-08-18,58065,55253,1504,821,300,187,242.5057780074055,206.0,432.0,0.9515715146818221,0.02590200637216912,0.014139326616722639,0.005166623611469905,0.0032205287178162403,3570703.1,64.62460137911064
STN-BLR-020,Bengaluru,tech_park,Gen2,2023-10-22,21722,20768,521,294,80,59,242.5940521130651,207.0,433.0,0.9560813921370039,0.023984900101279807,0.01353466531626922,0.003682902126875978,0.002716140318571034,1387181.5,66.79417854391372
STN-BLR-021,Bengaluru,highway_fuel_pump,Gen2,2024-10-08,12097,11588,273,144,51,41,244.01719434570555,208.0,434.0,0.9579234520955608,0.022567578738530214,0.011903777796147805,0.0042159213028023475,0.00338927006695875,800535.25,69.08312478425958
STN-BLR-022,Bengaluru,highway_fuel_pump,Gen2,2024-10-08,16468,15712,427,217,70,42,244.07954821471947,208.0,434.0,0.95409278600923,0.02592907456886082,0.013177070682535827,0.004250667962108331,0.002550400777264999,1076484.95,68.51355333503055
STN-BLR-023,Bengaluru,residential,Gen2,2024-08-30,11163,10644,263,166,59,31,243.62734032070233,207.0,434.0,0.9535071217414673,0.02355997491713697,0.014870554510436262,0.0052853175669622865,0.0027770312639971333,706665.85,66.39100432168358
STN-BLR-024,Bengaluru,residential,Gen2,2024-09-18,23561,22582,538,273,106,62,243.41335257416918,207.0,431.0,0.9584482831798311,0.022834344891982515,0.011586944526972539,0.00449896014600399,0.0026314672552098808,1521572.65,67.37988884952617
STN-BLR-025,Bengaluru,highway_fuel_pump,Gen3,2024-10-10,8255,7895,174,127,36,23,246.2732889158086,210.0,433.0,0.9563900666262871,0.021078134463961236,0.015384615384615385,0.00436099333737129,0.002786190187764991,551609.7,69.86823305889803
STN-BLR-026,Bengaluru,highway_fuel_pump,Gen2,2024-09-30,13760,13175,323,167,63,32,242.64026162790697,206.0,433.0,0.9574854651162791,0.023473837209302326,0.012136627906976744,0.004578488372093023,0.002325581395348837,898380.85,68.18829981024668
STN-BLR-027,Bengaluru,market,Gen3,2025-04-06,6247,5973,145,81,26,22,242.2842964623019,207.0,434.0,0.9561389466944133,0.023211141347846968,0.012966223787417961,0.004161997758924283,0.003521690411397471,416674.1,69.75960154026453
STN-BLR-028,Bengaluru,transit_hub,Gen3,2025-02-19,4171,3954,114,63,26,14,242.5157036681851,208.0,430.0,0.947974106928794,0.027331575161831694,0.015104291536801727,0.006233517142172141,0.003356509230400384,280316.75,70.89447395042994
STN-BLR-029,Bengaluru,market,Gen3,2025-04-28,3457,3289,96,44,18,10,244.4900202487706,209.0,437.4000000000001,0.9514029505351461,0.027769742551345098,0.012727798669366503,0.005206826728377205,0.0028926815157651145,232234.2,70.60936454849498
STN-BLR-030,Bengaluru,market,Gen3,2025-04-21,7961,7603,207,98,31,22,241.9256374827283,206.0,431.0,0.9550307750282628,0.026001758573043588,0.012310011305112422,0.0038939831679437255,0.002763471925637483,517524.4,68.06844666578982
STN-BLR-031,Bengaluru,market,Gen3,2025-03-26,4972,4743,136,54,21,18,240.78399034593724,204.0,430.90000000000055,0.9539420756234915,0.027353177795655673,0.01086082059533387,0.004223652453740949,0.0036202735317779565,325843.7,68.69991566519082
STN-BLR-032,Bengaluru,market,Gen3,2025-03-02,12091,11553,294,147,60,37,241.33223058473246,205.0,431.0,0.9555040939541808,0.024315606649574065,0.012157803324787032,0.004962368703994707,0.0030601273674634023,779613.45,67.48147234484549
STN-DEL-033,Delhi NCR,market,Gen1,2023-06-28,33753,30983,1729,810,140,91,241.98480135099103,203.0,440.0,0.9179332207507481,0.051225076289515004,0.023997866856279443,0.004147779456640891,0.002696056646816579,1877410.9,60.59487138107995
STN-DEL-034,Delhi NCR,highway_fuel_pump,Gen2,2023-07-03,24506,23040,847,445,94,80,243.34975108136783,206.0,440.0,0.9401779156125031,0.0345629641720395,0.018158818248592182,0.0038357953154329553,0.003264506651432302,1435151.15,62.28954644097222
STN-DEL-035,Delhi NCR,market,Gen1,2023-06-10,29553,27105,1522,707,121,98,242.8769329678882,205.0,445.0,0.9171657699725916,0.05150069366900145,0.023923121172131426,0.0040943389841978815,0.003316076202077623,1729376.75,63.80286847445121
STN-DEL-036,Delhi NCR,market,Gen1,2023-11-07,35497,32466,1843,929,153,106,243.55179310927684,204.0,447.0,0.914612502464997,0.051919880553286196,0.02617122573738626,0.004310223399160492,0.0029861678451700143,1970913.1,60.70698884987372
STN-DEL-037,Delhi NCR,commercial_hub,Gen1,2023-06-12,30838,28039,1728,854,122,95,242.63587132758286,204.0,445.0,0.909235358972696,0.056034762306245545,0.02769310590829496,0.00395615798689928,0.0030806148258641936,1753081.65,62.52297335853632
STN-DEL-038,Delhi NCR,market,Gen1,2023-10-06,27830,25648,1320,625,146,91,243.23643550125763,204.0,444.0,0.921595400646784,0.04743083003952569,0.022457779374775423,0.005246137261947539,0.0032698526769673014,1605009.0,62.578329694323145
STN-DEL-039,Delhi NCR,residential,Gen1,2023-11-25,31781,29063,1681,807,147,83,240.92819609200467,203.0,439.0,0.9144772033604984,0.0528932380982348,0.025392530128063938,0.004625405116264435,0.002611623296938422,1808169.95,62.2155300553969
STN-DEL-040,Delhi NCR,market,Gen1,2023-09-08,40335,36848,2078,1114,183,112,242.69423577538117,204.0,442.0,0.9135490268997148,0.051518532292054046,0.027618693442419736,0.0045370026031982145,0.0027767447626131153,2364370.6,64.16550694745983
STN-DEL-041,Delhi NCR,commercial_hub,Gen2,2023-09-04,41678,39342,1330,711,185,110,242.75843370603195,206.0,436.0,0.9439512452612889,0.03191132012092711,0.01705935985411968,0.004438792648399636,0.002639282115264648,2489106.05,63.26841670479386
STN-DEL-042,Delhi NCR,market,Gen2,2023-06-02,30707,28914,991,545,136,121,242.80229263685806,205.0,436.0,0.9416094050216564,0.03227277168072427,0.017748396131175303,0.0044289575666786075,0.003940469599765526,1803425.9,62.3720654354292
STN-DEL-043,Delhi NCR,commercial_hub,Gen1,2023-09-29,49597,45326,2611,1306,211,143,243.27616589713088,204.0,444.0,0.9138859205193862,0.05264431316410267,0.026332237836965946,0.004254289573966168,0.0028832389055789666,2802302.45,61.82549640383004
STN-DEL-044,Delhi NCR,commercial_hub,Gen2,2023-11-10,37515,35260,1287,689,163,116,243.38765827002533,206.0,441.0,0.9398907103825137,0.034306277489004396,0.01836598693855791,0.004344928695188591,0.003092096494735439,2169271.4,61.52216108905275
STN-DEL-045,Delhi NCR,commercial_hub,Gen1,2023-06-07,32233,29422,1716,841,140,114,243.07945273477492,204.0,444.0,0.9127912387925418,0.05323736543294139,0.02609127291905811,0.004343374802221326,0.0035367480532373656,1835411.85,62.382293861736116
STN-DEL-046,Delhi NCR,market,Gen2,2023-08-14,32734,30785,1094,607,141,107,243.3334147980693,206.0,438.0,0.9404594611107717,0.03342090792448219,0.018543410521170648,0.00430744791348445,0.0032687725300910367,1893461.25,61.50596881598181
STN-DEL-047,Delhi NCR,market,Gen1,2023-08-23,41592,38083,2141,1071,178,119,242.13899307559146,203.0,443.0,0.9156328140026928,0.05147624543181381,0.025750144258511253,0.004279669167147528,0.002861127139834584,2414570.6,63.40284641441063
STN-DEL-048,Delhi NCR,market,Gen1,2023-09-07,34644,31533,1894,962,158,97,243.99347650386792,204.0,450.0,0.9102009005888465,0.054670361390139706,0.027768156102066736,0.00456067428703383,0.002799907631913174,1941973.25,61.58542637871436
STN-DEL-049,Delhi NCR,tech_park,Gen1,2023-11-10,21665,19928,1077,513,83,64,242.49245326563582,204.0,442.0,0.9198246018924533,0.04971151627048234,0.02367874451880914,0.0038310639279944612,0.002954073390260789,1264096.9,63.433204536330784
STN-DEL-050,Delhi NCR,commercial_hub,Gen1,2023-10-06,47060,43007,2513,1202,204,134,242.04428389290268,203.0,444.0,0.9138759031024224,0.053399915002124945,0.025541861453463665,0.004334891627709307,0.0028474288142796432,2639130.25,61.365132420303674
STN-DEL-051,Delhi NCR,residential,Gen2,2024-09-22,14439,13662,433,239,62,43,242.7821178751991,206.0,432.0,0.9461874091003533,0.029988226331463398,0.01655239282498788,0.004293926172172588,0.002978045571022924,880140.95,64.42255526277265
STN-DEL-052,Delhi NCR,residential,Gen2,2024-08-15,13267,12574,400,202,47,44,241.0779377402578,206.0,431.0,0.9477651315293586,0.030149996231250472,0.015225748096781488,0.0035426245571719304,0.003316499585437552,797013.7,63.385851757595034
STN-DEL-053,Delhi NCR,highway_fuel_pump,Gen2,2024-08-07,15640,14776,494,265,59,46,242.72589514066496,205.0,438.0,0.9447570332480818,0.031585677749360615,0.01694373401534527,0.003772378516624041,0.0029411764705882353,944829.1,63.943496210070386
STN-DEL-054,Delhi NCR,highway_fuel_pump,Gen2,2024-10-01,11595,10954,398,169,44,30,242.35610176800344,207.0,439.0,0.9447175506683916,0.03432514014661492,0.01457524795170332,0.0037947391116860715,0.00258732212160414,676001.9,61.712789848457184
STN-DEL-055,Delhi NCR,residential,Gen3,2024-09-28,19129,18277,460,244,88,60,241.0389983794239,205.0,430.0,0.9554602958858278,0.024047258089811282,0.012755502117204245,0.004600345025876941,0.0031365988812797323,1171376.65,64.09020353449691
STN-DEL-056,Delhi NCR,residential,Gen2,2024-10-27,13979,13146,464,262,61,46,243.17318835395952,208.0,438.0,0.9404106159238859,0.03319264611202518,0.0187423993132556,0.004363688389727448,0.0032906502611059446,843330.85,64.15113722805415
STN-DEL-057,Delhi NCR,tech_park,Gen3,2025-02-08,10491,9948,304,164,49,26,242.0082928224192,206.0,432.0,0.9482413497283386,0.028977218568296634,0.015632446859212657,0.004670670098179392,0.0024783147459727386,640083.15,64.34289806996381
STN-DEL-058,Delhi NCR,highway_fuel_pump,Gen3,2025-03-30,14793,13950,505,225,65,48,240.23159602514704,204.0,432.0,0.943013587507605,0.03413776786317853,0.015209896572703305,0.004393970121003178,0.0032447779355100387,910179.45,65.24583870967741
STN-DEL-059,Delhi NCR,commercial_hub,Gen3,2025-02-19,11689,11122,326,175,37,29,245.0459406279408,208.0,441.2000000000007,0.9514928565317821,0.027889468731285824,0.014971340576610488,0.0031653691504833605,0.0024809650098383093,671579.2,60.38295270634777
STN-DEL-060,Delhi NCR,market,Gen3,2025-04-11,9474,8886,347,174,42,25,241.42379142917457,205.0,434.0,0.9379354021532615,0.036626556892548026,0.01836605446485117,0.004433185560481318,0.002638800928857927,593693.3,66.81221021832096
STN-DEL-061,Delhi NCR,highway_fuel_pump,Gen3,2025-03-14,4822,4579,155,59,19,10,244.55599336374948,207.0,433.90000000000055,0.9496059726254666,0.03214433844877644,0.012235586893405226,0.003940273745333886,0.002073828287017835,281803.0,61.54247652325835
STN-DEL-062,Delhi NCR,market,Gen3,2025-03-26,6065,5707,204,114,23,17,246.55136026380873,209.0,437.0,0.9409727947238252,0.033635614179719706,0.018796372629843364,0.003792250618301731,0.002802967848309975,358234.8,62.771123182057124
STN-HYD-063,Hyderabad,transit_hub,Gen2,2023-10-17,36753,34787,1097,598,160,111,243.6577694337877,206.0,436.0,0.9465077680733546,0.029847903572497482,0.016270780616548308,0.004353386118140016,0.003020161619459636,2135898.6,61.399333084198126
STN-HYD-064,Hyderabad,market,Gen1,2023-08-03,36821,34027,1675,828,171,120,243.3680236821379,206.0,442.0,0.9241193883924934,0.04549034518345509,0.02248716764889601,0.004644088970967655,0.0032590098041878277,2122281.75,62.370521938460634
STN-HYD-065,Hyderabad,commercial_hub,Gen1,2023-12-05,46001,42650,2042,975,207,127,242.54777070063693,206.0,437.0,0.9271537575270102,0.04439033934044912,0.021195191408882416,0.004499902176039652,0.00276080954761853,2597473.6,60.90207737397421
STN-HYD-066,Hyderabad,commercial_hub,Gen2,2023-11-07,33079,31305,1008,503,156,107,241.1890625472354,205.0,435.0,0.9463708092747665,0.03047250521478884,0.015206021947459113,0.004715982949907796,0.0032346806130777836,1916643.3,61.2248298993771
STN-HYD-067,Hyderabad,commercial_hub,Gen1,2023-09-24,40152,37371,1649,856,162,114,242.82748057381949,205.0,441.0,0.9307381948595338,0.041068938035465234,0.0213189878461845,0.004034668260609683,0.002839210998206814,2364194.1,63.26280003211046
STN-HYD-068,Hyderabad,commercial_hub,Gen1,2023-09-17,37775,34943,1770,822,138,102,243.5006221045665,205.0,444.0,0.9250297816015883,0.04685638649900728,0.021760423560555922,0.003653209794837856,0.002700198544010589,2180558.5,62.40329965944538
STN-HYD-069,Hyderabad,market,Gen1,2023-12-09,34499,31894,1583,752,168,102,241.87411229310993,204.0,443.0,0.9244905649439115,0.045885387982260356,0.021797733267630945,0.00486970636830053,0.0029566074378967505,2019480.35,63.31850348027842
STN-HYD-070,Hyderabad,market,Gen1,2023-08-24,49688,45920,2311,1094,207,156,242.97236757365962,205.0,443.0,0.9241668008372242,0.0465102237964901,0.022017388504266624,0.004165995813878602,0.003139591048140396,2928321.25,63.77006206445993
STN-HYD-071,Hyderabad,market,Gen1,2023-06-18,32357,29996,1425,702,138,96,241.52300893160677,204.0,441.0,0.9270327904317458,0.04403992953611274,0.021695460024106068,0.004264919491918286,0.002966900516117069,1865560.6,62.193645819442594
STN-HYD-072,Hyderabad,commercial_hub,Gen1,2023-06-08,51763,47588,2529,1271,214,161,242.71462241369318,204.0,444.0,0.9193439329250623,0.04885729188802813,0.024554218264010972,0.004134227150667465,0.0031103297722311304,2870864.45,60.32748697150542
STN-HYD-073,Hyderabad,market,Gen1,2023-11-16,32445,30121,1382,725,126,91,243.8905532439513,205.0,444.0,0.9283710895361381,0.04259516104176298,0.022345507782400985,0.003883495145631068,0.0028047464940668823,1852913.0,61.51565353075927
STN-HYD-074,Hyderabad,residential,Gen1,2023-11-21,33251,30799,1484,738,133,97,243.37562780066764,205.0,443.0,0.9262578569065592,0.04463023668461099,0.02219482120838471,0.003999879702866079,0.00291720549757902,1952305.55,63.388601902659175
STN-HYD-075,Hyderabad,highway_fuel_pump,Gen2,2023-10-22,25744,24380,780,406,99,79,242.12795214418892,205.0,434.0,0.9470167806090739,0.030298321939092605,0.01577066500932256,0.0038455562461155997,0.0030686761963952766,1558544.5,63.927173913043475
STN-HYD-076,Hyderabad,transit_hub,Gen1,2023-10-27,23628,21891,1041,533,92,71,243.84408329101066,205.0,442.0,0.9264855256475368,0.04405789740985272,0.02255798205518876,0.003893685457931268,0.003004909429490435,1371018.65,62.62932940477822
STN-HYD-077,Hyderabad,market,Gen1,2023-08-19,37465,34621,1726,827,171,120,241.91052982783933,204.0,442.0,0.924089149873215,0.046069665020685976,0.022073935673295075,0.004564259975977579,0.0032029894568263713,2244135.45,64.8200644117732
STN-HYD-078,Hyderabad,residential,Gen1,2023-07-27,22305,20739,945,463,90,68,241.40529029365612,204.0,435.0,0.9297915265635508,0.04236718224613315,0.020757677650750952,0.004034969737726967,0.003048643801838153,1292878.45,62.340443126476686
STN-HYD-079,Hyderabad,highway_fuel_pump,Gen2,2024-10-03,18319,17296,569,305,89,60,241.94404716414653,206.0,433.0,0.9441563404115946,0.031060647415251923,0.016649380424695673,0.0048583437960587365,0.0032752879523991483,1129786.2,65.3206637372803
STN-HYD-080,Hyderabad,highway_fuel_pump,Gen2,2024-10-24,12720,12013,388,219,51,49,242.62201257861636,207.0,431.10000000000036,0.9444182389937107,0.03050314465408805,0.01721698113207547,0.004009433962264151,0.0038522012578616352,771205.35,64.19756513776741
STN-HYD-081,Hyderabad,residential,Gen3,2024-08-25,22998,21880,636,317,91,74,243.35885729193842,207.0,436.2999999999993,0.9513870771371423,0.02765457865901383,0.013783807287590225,0.003956865814418645,0.003217671101834942,1408923.25,64.39320155393052
STN-HYD-082,Hyderabad,highway_fuel_pump,Gen2,2024-10-14,20679,19612,593,351,73,50,243.81415929203538,207.0,437.0,0.9484017602398569,0.028676435030707482,0.016973741476860583,0.003530151361284395,0.0024179118912906815,1219537.85,62.18324750152968
STN-HYD-083,Hyderabad,residential,Gen3,2024-08-26,16042,15321,391,192,81,57,244.01234260067324,208.0,434.0,0.9550554793666625,0.024373519511282884,0.01196858247101359,0.005049245729958858,0.003553172921082159,955494.65,62.365031655897134
STN-HYD-084,Hyderabad,commercial_hub,Gen3,2025-03-04,9181,8723,255,136,37,30,242.90665504846967,205.0,440.0,0.9501143666267291,0.027774752205642086,0.014813201176342446,0.0040300620847402244,0.0032676179065461277,532897.75,61.09110970996217
STN-HYD-085,Hyderabad,transit_hub,Gen3,2025-03-30,3566,3367,102,64,22,11,242.82277061132922,206.0,433.0,0.9441951766685361,0.02860347728547392,0.0179472798653954,0.0061693774537296695,0.0030846887268648347,208422.1,61.9014256014256
STN-HYD-086,Hyderabad,commercial_hub,Gen3,2025-02-03,12526,11966,297,153,74,36,241.66078556602267,204.0,427.0,0.9552929905795945,0.023710681781893662,0.012214593645217946,0.00590771195912502,0.0028740220341689285,693178.45,57.92900300852415
STN-HYD-087,Hyderabad,commercial_hub,Gen3,2025-03-15,12577,11964,337,185,56,35,243.35318438419336,206.0,432.0,0.9512602369404468,0.0267949431501948,0.014709390156635128,0.004452572155521984,0.0027828575972012404,759025.45,63.44244817786693
STN-HYD-088,Hyderabad,market,Gen3,2025-04-11,9588,9132,257,143,27,29,244.63965373383397,208.0,432.0,0.9524405506883604,0.026804338756779306,0.01491447642886942,0.002816020025031289,0.003024614100959533,569737.2,62.38909329829172
STN-JAI-133,Jaipur,market,Gen1,2023-11-13,25937,23766,1332,654,107,78,243.91039827273778,204.0,448.0,0.916297181632417,0.05135520684736091,0.025214943902533062,0.004125380730230944,0.0030072868874580715,1495697.75,62.93434949086931
STN-JAI-134,Jaipur,commercial_hub,Gen1,2023-09-17,42925,39313,2221,1084,193,114,242.77719277810135,204.0,444.0,0.9158532323820617,0.051741409435061156,0.025253348864298194,0.004496214327315085,0.0026557949912638323,2434335.95,61.92190751151019
STN-JAI-135,Jaipur,commercial_hub,Gen1,2023-08-26,29930,27493,1483,741,130,83,242.9359171399933,205.0,444.1000000000022,0.9185766789174741,0.049548947544269965,0.02475776812562646,0.004343468092215168,0.0027731373204143,1691233.9,61.51507292765431
STN-JAI-136,Jaipur,transit_hub,Gen1,2023-07-24,29340,26785,1570,753,139,93,241.8741308793456,204.0,441.0,0.9129175187457396,0.05351056578050443,0.025664621676891614,0.004737559645535106,0.0031697341513292434,1747866.15,65.25540974425985
STN-JAI-137,Jaipur,commercial_hub,Gen1,2023-08-16,44369,40488,2380,1192,191,118,242.78358764001894,204.0,444.0,0.9125290180080687,0.05364105569203723,0.026865604363406882,0.004304807410579458,0.0026595145259077284,2529150.85,62.466677781070935
STN-JAI-138,Jaipur,market,Gen1,2023-08-26,48945,44703,2635,1239,218,150,243.4396363264889,205.0,446.0,0.9133312902237205,0.05383593829808969,0.025314128102972726,0.004453978955970988,0.0030646644192460926,2804974.6,62.74689841845066
STN-JAI-139,Jaipur,commercial_hub,Gen1,2023-09-24,31659,28950,1657,853,122,77,243.12820998768123,204.0,445.0,0.9144319150952336,0.052338987333775545,0.02694336523579393,0.0038535645472061657,0.0024321677879907766,1850340.4,63.91503972366148
STN-JAI-140,Jaipur,commercial_hub,Gen1,2023-09-15,44113,40381,2346,1084,181,121,242.59504001088115,204.0,443.0,0.9153990887040102,0.05318160179538912,0.024573255049531884,0.00410309885974656,0.002742955591322286,2499570.2,61.89966073153216
STN-JAI-141,Jaipur,commercial_hub,Gen1,2023-06-06,45590,41609,2474,1215,185,107,243.74233384514147,204.0,450.0,0.9126782189076552,0.05426628646633033,0.02665058126782189,0.004057907435841193,0.002347005922351393,2528045.8,60.75718714701146
STN-JAI-142,Jaipur,commercial_hub,Gen1,2023-10-05,33319,30405,1740,938,136,100,244.33362345808698,207.0,446.0,0.9125423932290885,0.05222245565593205,0.028152105405324288,0.004081755154716528,0.0030012905549386235,1946904.75,64.0323877651702
STN-JAI-143,Jaipur,highway_fuel_pump,Gen2,2024-10-26,12102,11404,424,194,42,38,245.14741365063625,208.0,444.0,0.942323582878863,0.035035531317137665,0.01603040819699223,0.0034705007436787306,0.0031399768633283754,739735.3,64.86630129779026
STN-JAI-144,Jaipur,residential,Gen3,2024-10-23,10452,9970,276,139,36,31,242.07682740145427,204.0,437.0,0.9538844240336778,0.02640642939150402,0.013298890164561806,0.003444316877152698,0.002965939533103712,645601.2,64.75438314944834
STN-JAI-145,Jaipur,highway_fuel_pump,Gen2,2024-08-23,19682,18556,656,314,99,57,243.57971750838328,207.0,438.0,0.942790366832639,0.033329946143684584,0.015953663245605123,0.005029976628391423,0.0028960471496799105,1178179.45,63.49318010347057
STN-JAI-146,Jaipur,residential,Gen2,2024-09-04,16947,16000,542,295,58,52,241.35062252906118,206.0,432.0,0.9441199032277099,0.03198206172183867,0.0174072107157609,0.0034224346492004484,0.0030683896854900574,1012654.15,63.290884375000005
STN-JAI-147,Jaipur,market,Gen3,2025-02-27,7112,6718,208,131,36,19,245.72173790776154,207.0,443.90000000000055,0.9446006749156356,0.02924634420697413,0.01841957255343082,0.005061867266591676,0.002671541057367829,446418.55,66.4511089610003
STN-JAI-148,Jaipur,highway_fuel_pump,Gen3,2025-02-01,26552,25179,790,385,123,75,244.75828562820126,208.0,440.0,0.9482901476348298,0.02975293763181681,0.014499849352214522,0.0046324194034347696,0.002824645977704128,1585442.8,62.9668692164105
STN-JAI-149,Jaipur,residential,Gen3,2025-02-23,7167,6758,224,129,30,26,243.6020650202316,207.0,436.40000000000055,0.9429328868424725,0.03125436026231338,0.01799916282963583,0.004185851820845542,0.003627738244732803,424558.3,62.82306895531222
STN-JAI-150,Jaipur,market,Gen3,2025-03-01,11483,10880,343,178,47,35,243.89175302621265,209.0,433.0,0.9474875903509535,0.02987024296786554,0.015501175650962292,0.004093007053905774,0.0030479839763128103,667904.65,61.38829503676471
STN-MUM-111,Mumbai,commercial_hub,Gen2,2023-07-10,30905,29496,758,412,155,84,244.40294450736127,207.0,434.0,0.9544086717359651,0.024526775602653293,0.01333117618508332,0.005015369681281346,0.0027180067950169874,1870355.9,63.410492948196364
STN-MUM-112,Mumbai,commercial_hub,Gen2,2023-12-08,35310,33744,866,440,152,108,243.05080713678845,205.0,437.0,0.9556499575191164,0.02452563013310677,0.012461059190031152,0.004304729538374398,0.003058623619371283,2112679.75,62.60904901612138
STN-MUM-113,Mumbai,commercial_hub,Gen2,2023-08-23,40607,38889,936,472,177,133,243.3161523875194,207.0,436.40000000000146,0.957692023542739,0.023050213017460044,0.011623611692565322,0.0043588543847119954,0.003275297362523703,2378801.0,61.16899380287485
STN-MUM-114,Mumbai,commercial_hub,Gen2,2023-12-16,28198,26903,720,354,120,101,241.99627633165474,206.0,429.0,0.9540747570749698,0.025533725796155756,0.01255408184977658,0.00425562096602596,0.0035818143130718493,1662395.45,61.79219603761662
STN-MUM-115,Mumbai,commercial_hub,Gen1,2023-10-20,35223,33669,851,463,146,94,243.92255060613803,207.0,434.0,0.955881100417341,0.02416034977145615,0.013144820145927378,0.0041450188797092806,0.002668710785566249,2090823.8,62.09937331076064
STN-MUM-116,Mumbai,market,Gen2,2023-09-15,36184,34670,805,456,147,106,244.16051293389344,207.0,436.0,0.958158302011939,0.022247402166703515,0.012602255140393544,0.004062569091311077,0.0029294715896528854,2135023.65,61.581299394289005
STN-MUM-117,Mumbai,market,Gen2,2023-08-01,26692,25516,639,328,132,77,242.629476996853,207.0,432.0,0.9559418552375244,0.023939757230630902,0.012288326090214297,0.004945301963135021,0.0028847594784954292,1631315.5,63.93304201285468
STN-MUM-118,Mumbai,market,Gen2,2023-11-10,29088,27737,707,418,136,90,244.65614686468646,208.0,434.0,0.9535547304730473,0.024305555555555556,0.01437018701870187,0.004675467546754675,0.003094059405940594,1822260.15,65.69780978476403
STN-MUM-119,Mumbai,commercial_hub,Gen2,2023-08-01,37128,35512,869,480,161,106,243.5369532428356,207.0,432.0,0.9564748976513683,0.023405516052574876,0.012928248222365869,0.004336349924585219,0.002854988149105796,2207418.2,62.15978260869566
STN-MUM-120,Mumbai,residential,Gen2,2023-11-24,19279,18443,438,262,79,57,243.97053789096944,207.0,436.0,0.9566367550184138,0.022719020696094196,0.013589916489444473,0.004097722910939364,0.0029565848851081486,1173177.45,63.61098790869164
STN-MUM-121,Mumbai,commercial_hub,Gen1,2023-10-14,36108,34469,916,464,145,114,242.55167829843802,207.0,431.2999999999993,0.9546083970311289,0.025368339426165946,0.0128503378752631,0.004015730586019718,0.0031571950814223994,2153740.6,62.483408279903685
STN-MUM-122,Mumbai,market,Gen2,2023-08-30,29282,27956,738,407,112,69,242.35192268287685,206.0,432.0,0.9547162079092958,0.02520319650297111,0.01389932381667919,0.003824875350044396,0.002356396421009494,1872551.7,66.9821040206038
STN-MUM-123,Mumbai,residential,Gen2,2023-12-16,36164,34537,897,459,147,124,242.59362902333814,206.0,432.0,0.9550105076872027,0.024803672160159274,0.012692180068576486,0.004064815838955868,0.00342882424510563,2217163.9,64.19677157830732
STN-MUM-124,Mumbai,transit_hub,Gen2,2024-08-08,17280,16480,428,233,83,56,244.14033564814815,208.0,437.0,0.9537037037037037,0.02476851851851852,0.013483796296296296,0.004803240740740741,0.0032407407407407406,1057838.65,64.18923847087378
STN-MUM-125,Mumbai,residential,Gen2,2024-08-30,14364,13779,317,166,57,45,242.18546365914787,206.0,431.0,0.9592731829573935,0.022069061542745752,0.011556669451406293,0.003968253968253968,0.003132832080200501,864654.55,62.75161840481893
STN-MUM-126,Mumbai,commercial_hub,Gen2,2024-09-23,38677,36861,995,509,198,114,241.86229542105127,206.0,432.0,0.9530470305349432,0.025725883600072396,0.013160276133102361,0.005119321560617421,0.0029474881712645757,2433859.4,66.02803505059548
STN-MUM-127,Mumbai,highway_fuel_pump,Gen2,2024-08-31,14133,13505,345,177,59,47,245.38944314724404,208.0,440.0,0.9555649897403241,0.02441095308851624,0.012523880280195288,0.004174626760065096,0.0033255501308993136,855775.1,63.36727878563495
STN-MUM-128,Mumbai,market,Gen3,2025-04-13,5293,5058,125,75,20,15,243.35197430568675,206.0,433.0,0.9556017381447195,0.023616096731532213,0.014169658038919328,0.003778575477045154,0.0028339316077838654,323817.8,64.02091735863978
STN-MUM-129,Mumbai,market,Gen3,2025-03-26,8367,8016,190,107,34,20,244.07266642763236,207.0,433.0,0.9580494801003944,0.02270825863511414,0.012788335126090594,0.0040635831241783195,0.0023903430142225407,491503.0,61.31524451097805
STN-MUM-130,Mumbai,highway_fuel_pump,Gen3,2025-04-14,3903,3740,90,42,14,17,239.31539841147836,207.0,428.0,0.9582372533948245,0.023059185242121444,0.010760953112990008,0.0035869843709966692,0.004355623879067384,234906.55,62.809237967914434
STN-MUM-131,Mumbai,transit_hub,Gen3,2025-04-25,2983,2838,77,42,15,11,242.05732484076432,207.0,431.0,0.9513912168957426,0.025812939993295342,0.014079785450888367,0.005028494803888703,0.0036875628561850488,184052.6,64.85292459478507
STN-MUM-132,Mumbai,residential,Gen3,2025-03-02,5125,4894,131,61,24,15,244.21034146341464,209.0,437.0,0.9549268292682926,0.025560975609756096,0.011902439024390244,0.0046829268292682925,0.002926829268292683,314806.45,64.32497956681651
STN-PUN-089,Pune,market,Gen2,2023-11-29,31335,29829,871,427,118,90,243.16144885910325,206.0,437.0,0.9519387266634753,0.027796393808839956,0.013626934737513962,0.0037657571405776287,0.0028721876495931067,1975388.4,66.22375540581314
STN-PUN-090,Pune,market,Gen2,2023-11-20,38073,36218,988,575,163,129,242.67746171827804,205.0,434.0,0.9512778084206656,0.02595014839912799,0.015102566122974287,0.0042812491792083626,0.003388227878023796,2331611.5,64.3771467226241
STN-PUN-091,Pune,commercial_hub,Gen1,2023-08-17,32455,30642,1045,544,143,81,243.82877830842705,207.0,435.0,0.944138037282391,0.032198428593437065,0.016761670004621785,0.004406100754891388,0.0024957633646587583,1928239.7,62.92799751974414
STN-PUN-092,Pune,market,Gen1,2023-06-20,31000,29241,990,544,130,95,243.04803225806452,206.0,435.0,0.943258064516129,0.03193548387096774,0.017548387096774195,0.004193548387096774,0.003064516129032258,1918029.5,65.59384083991655
STN-PUN-093,Pune,commercial_hub,Gen1,2023-11-02,34395,32458,1128,579,129,101,243.70469544992005,207.0,438.0,0.9436836749527547,0.03279546445704318,0.01683384212821631,0.0037505451373746183,0.0029364733246111355,2114850.95,65.15653921991498
STN-PUN-094,Pune,commercial_hub,Gen2,2023-11-30,32814,31249,871,449,136,109,244.32025964527335,208.0,436.7000000000007,0.9523069421588346,0.026543548485402572,0.013683184006826355,0.004144572438593283,0.003321752910343146,2026518.95,64.8506816218119
STN-PUN-095,Pune,market,Gen2,2023-11-30,32210,30600,897,462,143,108,242.69127600124185,207.0,432.0,0.9500155231294629,0.027848494256442098,0.014343371623719342,0.0044396150263893205,0.0033529959639863396,1979630.45,64.69380555555556
STN-PUN-096,Pune,commercial_hub,Gen2,2023-10-01,46174,43872,1278,708,191,125,242.3816433490709,206.0,432.0,0.9501451033048902,0.02767791397756313,0.015333304457053753,0.004136527049854896,0.0027071512106380214,2964613.2,67.57415207877462
STN-PUN-097,Pune,market,Gen2,2023-07-29,32232,30698,850,430,157,97,242.4479089103996,206.0,432.0,0.9524075452965997,0.026371308016877638,0.013340779349714569,0.004870935716058575,0.003009431620749566,1994521.75,64.97236790670402
STN-PUN-098,Pune,commercial_hub,Gen2,2023-12-03,32923,31399,828,460,148,88,243.01324302159585,206.0,433.0,0.9537101722200285,0.02514959147100811,0.013971995261671172,0.004495337605928986,0.0026729034413631807,2055623.4,65.46779833752667
STN-PUN-099,Pune,commercial_hub,Gen1,2023-06-23,34534,32684,1084,535,121,110,244.3405629234957,208.0,438.0,0.9464296056060694,0.031389355417849076,0.015491978919325881,0.003503793363062489,0.003185266693693172,2101138.3,64.28644902704687
STN-PUN-100,Pune,market,Gen2,2023-07-21,34916,33233,922,515,144,102,243.13916256157634,207.0,434.0,0.9517986023599496,0.026406232099896895,0.01474968495818536,0.004124183755298431,0.0029212968266697217,2165733.9,65.16817320133602
STN-PUN-101,Pune,transit_hub,Gen2,2023-08-26,23099,21942,653,324,106,74,241.25360405212348,206.0,431.0,0.949911251569332,0.028269622061561108,0.014026581237282999,0.00458894324429629,0.0032036018875275987,1462330.95,66.64528985507246
STN-PUN-102,Pune,residential,Gen3,2024-09-19,12733,12123,346,156,63,45,242.05418990025916,206.0,433.0,0.9520929867274013,0.027173486216916672,0.01225162962381214,0.004947773501924134,0.00353412392994581,857036.5,70.69508372515054
STN-PUN-103,Pune,tech_park,Gen2,2024-10-23,17950,17042,516,251,89,52,242.3733147632312,206.0,436.0,0.9494150417827298,0.02874651810584958,0.013983286908077994,0.004958217270194986,0.0028969359331476323,1189381.5,69.79119234831593
STN-PUN-104,Pune,highway_fuel_pump,Gen2,2024-08-20,13347,12736,346,174,56,35,241.42773657001572,206.0,427.0,0.9542219225294074,0.025923428485802053,0.013036637446617217,0.004195699408106691,0.0026223121300666817,873013.9,68.54694566582914
STN-PUN-105,Pune,residential,Gen2,2024-10-24,11742,11150,333,162,64,33,242.5778402316471,206.0,431.0,0.9495826946005791,0.028359734287174247,0.013796627491057742,0.005450519502640095,0.002810424118548799,763365.7,68.46329147982063
STN-PUN-106,Pune,highway_fuel_pump,Gen3,2024-09-18,37570,35911,925,476,153,105,242.46715464466328,206.0,432.0,0.955842427468725,0.024620708011711474,0.012669683257918552,0.004072398190045249,0.0027947830715996805,2552728.75,71.08486953858149
STN-PUN-107,Pune,highway_fuel_pump,Gen3,2025-03-18,3145,2979,94,43,15,14,243.7793322734499,210.0,437.0,0.9472178060413354,0.029888712241653417,0.013672496025437202,0.0047694753577106515,0.004451510333863275,209792.6,70.4238335011749
STN-PUN-108,Pune,transit_hub,Gen3,2025-02-15,5592,5314,153,78,30,17,244.82153075822603,208.0,447.0,0.9502861230329042,0.02736051502145923,0.013948497854077254,0.00536480686695279,0.003040057224606581,358072.5,67.38285660519382
STN-PUN-109,Pune,market,Gen3,2025-04-08,6584,6263,173,95,37,16,243.46992709599027,206.0,435.0,0.9512454434993924,0.026275820170109356,0.014428918590522479,0.005619684082624544,0.002430133657351154,417521.45,66.66476927989781
STN-PUN-110,Pune,market,Gen3,2025-02-14,8081,7743,188,94,35,21,244.7745328548447,209.0,432.0,0.9581734933795323,0.023264447469372604,0.011632223734686302,0.004331147135255537,0.0025986882811533225,526850.25,68.04213483146067
