station_id,failed_swaps,percentage_of_network_failures,cumulative_percentage,station_rank
STN-JAI-138,2635,0.01984470669749437,0.01984470669749437,1
STN-DEL-043,2611,0.01966395794579044,0.03950866464328481,2
STN-HYD-072,2529,0.019046399710801996,0.058555064354086805,3
STN-DEL-050,2513,0.018925900542999374,0.07748096489708618,4
STN-JAI-141,2474,0.018632183821480484,0.09611314871856666,5
STN-JAI-137,2380,0.017924251210640077,0.11403739992920674,6
STN-JAI-140,2346,0.017668190479059504,0.13170559040826624,7
STN-HYD-070,2311,0.01740459854949127,0.14911018895775752,8
STN-JAI-134,2221,0.016726790730601515,0.16583697968835903,9
STN-DEL-047,2141,0.016124294891588405,0.18196127457994743,10
STN-DEL-040,2078,0.01564982941836558,0.197611103998313,11
STN-HYD-065,2042,0.015378706290809679,0.21298981028912267,12
STN-DEL-048,1894,0.014264088988635423,0.2272538992777581,13
STN-DEL-036,1843,0.013879997891264564,0.24113389716902267,14
STN-HYD-068,1770,0.013330220438165098,0.2544641176071878,15
STN-JAI-142,1740,0.013104284498535183,0.26756840210572297,16
STN-DEL-033,1729,0.013021441320670879,0.28058984342639387,17
STN-DEL-037,1728,0.013013910122683216,0.2936037535490771,18
STN-HYD-077,1726,0.012998847726707887,0.306602601275785,19
STN-DEL-045,1716,0.012923535746831248,0.31952613702261623,20
STN-DEL-039,1681,0.012659943817263012,0.3321860808398792,21
STN-HYD-064,1675,0.012614756629337028,0.34480083746921625,22
STN-JAI-139,1657,0.01247919506555908,0.3572800325347753,23
STN-HYD-067,1649,0.012418945481657768,0.3696989780164331,24
STN-HYD-069,1583,0.01192188641447195,0.38162086443090504,25
STN-JAI-136,1570,0.011823980840632319,0.39344484527153734,26
STN-DEL-035,1522,0.011462483337224452,0.4049073286087618,27
STN-BLR-019,1504,0.011326921773446502,0.4162342503822083,28
STN-HYD-074,1484,0.011176297813693224,0.4274105481959015,29
STN-JAI-135,1483,0.01116876661570556,0.43857931481160706,30
STN-HYD-071,1425,0.010731957132421054,0.4493112719440281,31
STN-HYD-073,1382,0.010408115618951507,0.4597193875629796,32
STN-BLR-004,1335,0.010054149313531303,0.4697735368765109,33
STN-JAI-133,1332,0.010031555719568312,0.47980509259607923,34
STN-DEL-041,1330,0.010016493323592984,0.48982158591967223,35
STN-DEL-038,1320,0.009941181343716346,0.4997627672633886,36
STN-DEL-044,1287,0.009692651810123437,0.509455419073512,37
STN-PUN-096,1278,0.009624871028234462,0.5190802901017465,38
STN-PUN-093,1128,0.008495191330084877,0.5275754814318314,39
STN-HYD-063,1097,0.008261724192467295,0.5358372056242987,40
STN-DEL-046,1094,0.008239130598504304,0.544076336222803,41
STN-PUN-099,1084,0.008163818618627664,0.5522401548414307,42
STN-DEL-049,1077,0.008111100232714018,0.5603512550741447,43
STN-BLR-018,1053,0.007930351481010085,0.5682816065551548,44
STN-PUN-091,1045,0.007870101897108774,0.5761517084522636,45
STN-HYD-076,1041,0.007839977105158118,0.5839916855574218,46
STN-HYD-066,1008,0.007591447571565209,0.5915831331289869,47
STN-MUM-126,995,0.007493541997725579,0.5990766751267125,48
STN-DEL-042,991,0.007463417205774922,0.6065400923324874,49
STN-PUN-092,990,0.007455886007787259,0.6139959783402746,50
STN-PUN-090,988,0.007440823611811931,0.6214368019520866,51
STN-BLR-009,964,0.007260074860107997,0.6286968768121947,52
STN-BLR-003,961,0.007237481266145006,0.6359343580783396,53
STN-HYD-078,945,0.007116982098342384,0.643051340176682,54
STN-MUM-113,936,0.007049201316453408,0.6501005414931353,55
STN-PUN-106,925,0.006966358138589105,0.6570668996317245,56
STN-BLR-011,923,0.0069512957426137775,0.6640181953743383,57
STN-PUN-100,922,0.006943764544626114,0.6709619599189643,58
STN-MUM-121,916,0.00689857735670013,0.6778605372756644,59
STN-BLR-013,906,0.006823265376823491,0.684683802652488,60
STN-PUN-095,897,0.0067554845949345165,0.6914392872474224,61
STN-MUM-123,897,0.0067554845949345165,0.6981947718423569,62
STN-PUN-089,871,0.006559673447255255,0.7047544452896122,63
STN-PUN-094,871,0.006559673447255255,0.7113141187368675,64
STN-MUM-119,869,0.006544611051279927,0.7178587297881474,65
STN-MUM-112,866,0.006522017457316936,0.7243807472454643,66
STN-MUM-115,851,0.006409049487501977,0.7307897967329663,67
STN-PUN-097,850,0.006401518289514313,0.7371913150224806,68
STN-DEL-034,847,0.006378924695551322,0.7435702397180319,69
STN-PUN-098,828,0.0062358319337857075,0.7498060716518177,70
STN-MUM-116,805,0.006062614380069438,0.7558686860318871,71
STN-JAI-148,790,0.005949646410254479,0.7618183324421416,72
STN-BLR-002,781,0.005881865628365504,0.767700198070507,73
STN-HYD-075,780,0.00587433443037784,0.7735745325008849,74
STN-MUM-111,758,0.005708648074649234,0.7792831805755341,75
STN-BLR-010,758,0.005708648074649234,0.7849918286501834,76
STN-BLR-006,748,0.005633336094772595,0.7906251647449559,77
STN-MUM-122,738,0.005558024114895956,0.7961831888598518,78
STN-BLR-015,730,0.005497774530994645,0.8016809633908465,79
STN-MUM-114,720,0.0054224625511180066,0.8071034259419645,80
STN-BLR-008,717,0.0053998689571550145,0.8125032948991195,81
STN-BLR-005,710,0.005347150571241368,0.8178504454703609,82
STN-MUM-118,707,0.005324556977278376,0.8231750024476393,83
STN-BLR-001,693,0.005219120205451081,0.8283941226530904,84
STN-JAI-145,656,0.004940465879907517,0.8333345885329979,85
STN-PUN-101,653,0.004917872285944525,0.8382524608189424,86
STN-MUM-117,639,0.004812435514117231,0.8430648963330597,87
STN-HYD-081,636,0.004789841920154239,0.8478547382532139,88
STN-BLR-017,622,0.0046844051483269445,0.8525391434015408,89
STN-BLR-007,596,0.004488594000647683,0.8570277374021885,90
STN-HYD-082,593,0.0044660004066846915,0.8614937378088732,91
STN-BLR-014,572,0.0043078452489437495,0.865801583057817,92
STN-HYD-079,569,0.0042852516549807575,0.8700868347127977,93
STN-JAI-146,542,0.004081909309313832,0.8741687440221115,94
STN-BLR-024,538,0.004051784517363177,0.8782205285394747,95
STN-BLR-020,521,0.00392375415157289,0.8821442826910476,96
STN-PUN-103,516,0.0038860981616345713,0.8860303808526822,97
STN-DEL-058,505,0.003803254983770268,0.8898336358364525,98
STN-DEL-053,494,0.0037204118059059655,0.8935540476423585,99
STN-BLR-016,489,0.003682755815967646,0.8972368034583261,100
STN-DEL-056,464,0.0034944758662760486,0.9007312793246022,101
STN-DEL-055,460,0.003464351074325393,0.9041956303989276,102
STN-MUM-120,438,0.0032986647185967873,0.9074942951175243,103
STN-DEL-051,433,0.003261008728658468,0.9107553038461828,104
STN-MUM-124,428,0.003223352738720148,0.9139786565849028,105
STN-BLR-022,427,0.003215821540732484,0.9171944781256354,106
STN-BLR-012,426,0.0032082903427448203,0.9204027684683802,107
STN-JAI-143,424,0.0031932279467694925,0.9235959964151497,108
STN-DEL-052,400,0.003012479195065559,0.9266084756102152,109
STN-DEL-054,398,0.002997416799090231,0.9296058924093055,110
STN-HYD-083,391,0.002944698413176584,0.932550590822482,111
STN-HYD-080,388,0.0029221048192135924,0.9354726956416957,112
STN-DEL-060,347,0.0026133257017193724,0.938086021343415,113
STN-PUN-104,346,0.0026057945037317085,0.9406918158471467,114
STN-PUN-102,346,0.0026057945037317085,0.9432976103508783,115
STN-MUM-127,345,0.0025982633057440446,0.9458958736566224,116
STN-JAI-150,343,0.002583200909768717,0.9484790745663911,117
STN-HYD-087,337,0.0025380137218427336,0.9510170882882338,118
STN-PUN-105,333,0.002507888929892078,0.9535249772181259,119
STN-DEL-059,326,0.0024551705439784305,0.9559801477621044,120
STN-BLR-026,323,0.002432576950015439,0.9584127247121198,121
STN-MUM-125,317,0.0023873897620894555,0.9608001144742092,122
STN-DEL-057,304,0.002289484188249825,0.963089598662459,123
STN-HYD-086,297,0.0022367658023361775,0.9653263644647953,124
STN-BLR-032,294,0.002214172208373186,0.9675405366731684,125
STN-JAI-144,276,0.002078610644595236,0.9696191473177637,126
STN-BLR-021,273,0.002056017050632244,0.971675164368396,127
STN-BLR-023,263,0.001980705070755605,0.9736558694391516,128
STN-HYD-088,257,0.0019355178828296218,0.9755913873219813,129
STN-HYD-084,255,0.0019204554868542938,0.9775118428088355,130
STN-JAI-149,224,0.001686988349236713,0.9791988311580723,131
STN-JAI-147,208,0.0015664891814340907,0.9807653203395064,132
STN-BLR-030,207,0.0015589579834464269,0.9823242783229528,133
STN-DEL-062,204,0.0015363643894834352,0.9838606427124362,134
STN-MUM-129,190,0.0014309276176561407,0.9852915703300924,135
STN-PUN-110,188,0.0014158652216808127,0.9867074355517732,136
STN-BLR-025,174,0.0013104284498535181,0.9880178640016267,137
STN-PUN-109,173,0.0013028972518658543,0.9893207612534926,138
STN-DEL-061,155,0.0011673356880879042,0.9904880969415805,139
STN-PUN-108,153,0.0011522732921125764,0.991640370233693,140
STN-BLR-027,145,0.0010920237082112651,0.9927323939419043,141
STN-BLR-031,136,0.00102424292632229,0.9937566368682266,142
STN-MUM-132,131,0.0009865869363839706,0.9947432238046106,143
STN-MUM-128,125,0.0009413997484579872,0.9956846235530685,144
STN-BLR-028,114,0.0008585565705936843,0.9965431801236622,145
STN-HYD-085,102,0.0007681821947417176,0.9973113623184039,146
STN-BLR-029,96,0.0007229950068157342,0.9980343573252196,147
STN-PUN-107,94,0.0007079326108404063,0.9987422899360601,148
STN-MUM-130,90,0.0006778078188897508,0.9994200977549498,149
STN-MUM-131,77,0.0005799022450501201,0.9999999999999999,150
