station_id,total_attempts,total_tickets,ticket_rate_per_1000_attempts
STN-BLR-001,26253,204,7.770540509656039
STN-BLR-002,30916,232,7.504204942424634
STN-BLR-003,40239,351,8.722880787295907
STN-BLR-004,52092,452,8.676956154495892
STN-BLR-005,26380,232,8.794541319181198
STN-BLR-006,31159,279,8.954074264257518
STN-BLR-007,24075,207,8.598130841121495
STN-BLR-008,31225,242,7.750200160128102
STN-BLR-009,39125,325,8.30670926517572
STN-BLR-010,29975,268,8.940783986655546
STN-BLR-011,35151,309,8.790646069813093
STN-BLR-012,16582,119,7.176456398504403
STN-BLR-013,37910,320,8.441044579266684
STN-BLR-014,22829,196,8.585570984274389
STN-BLR-015,30235,273,9.029270712750124
STN-BLR-016,20887,178,8.522047206396323
STN-BLR-017,23968,205,8.553070761014686
STN-BLR-018,40295,336,8.33850353641891
STN-BLR-019,58065,506,8.714371824679239
STN-BLR-020,21722,171,7.872203296197403
STN-BLR-021,12097,109,9.010498470695214
STN-BLR-022,16468,172,10.444498421180471
STN-BLR-023,11163,121,10.839380094956553
STN-BLR-024,23561,211,8.955477271762659
STN-BLR-025,8255,64,7.7528770442156265
STN-BLR-026,13760,149,10.828488372093023
STN-BLR-027,6247,54,8.644149191611973
STN-BLR-028,4171,45,10.788779669144091
STN-BLR-029,3457,51,14.752675730402082
STN-BLR-030,7961,83,10.425825901268684
STN-BLR-031,4972,45,9.05068382944489
STN-BLR-032,12091,143,11.826978744520718
STN-DEL-033,33753,448,13.272894261250851
STN-DEL-034,24506,288,11.752223945156288
STN-DEL-035,29553,400,13.53500490643928
STN-DEL-036,35497,460,12.958841592247232
STN-DEL-037,30838,440,14.268110772423633
STN-DEL-038,27830,341,12.25296442687747
STN-DEL-039,31781,433,13.624492621377552
STN-DEL-040,40335,511,12.668897979422338
STN-DEL-041,41678,457,10.965017515235857
STN-DEL-042,30707,334,10.876998729931286
STN-DEL-043,49597,681,13.730669193701232
STN-DEL-044,37515,429,11.435425829668134
STN-DEL-045,32233,484,15.015667173393727
STN-DEL-046,32734,354,10.814443697684364
STN-DEL-047,41592,532,12.790921331025197
STN-DEL-048,34644,487,14.057268213832122
STN-DEL-049,21665,286,13.201015462727902
STN-DEL-050,47060,639,13.578410539736506
STN-DEL-051,14439,181,12.535494147794168
STN-DEL-052,13267,139,10.477123690359539
STN-DEL-053,15640,200,12.78772378516624
STN-DEL-054,11595,175,15.09271237602415
STN-DEL-055,19129,220,11.500862564692353
STN-DEL-056,13979,174,12.447242292009443
STN-DEL-057,10491,131,12.486893527785721
STN-DEL-058,14793,220,14.871898871087678
STN-DEL-059,11689,158,13.516981777739755
STN-DEL-060,9474,142,14.988389275913024
STN-DEL-061,4822,65,13.479883865615928
STN-DEL-062,6065,98,16.15828524319868
STN-HYD-063,36753,398,10.829047968873288
STN-HYD-064,36821,445,12.085494690529861
STN-HYD-065,46001,551,11.978000478250474
STN-HYD-066,33079,358,10.822576256839687
STN-HYD-067,40152,503,12.527395895596733
STN-HYD-068,37775,418,11.065519523494373
STN-HYD-069,34499,388,11.246702802979796
STN-HYD-070,49688,618,12.43761069071003
STN-HYD-071,32357,397,12.269369842692461
STN-HYD-072,51763,689,13.310665919672353
STN-HYD-073,32445,411,12.667591308368007
STN-HYD-074,33251,418,12.571050494721963
STN-HYD-075,25744,250,9.71100062150404
STN-HYD-076,23628,273,11.554088369730827
STN-HYD-077,37465,466,12.438275724009076
STN-HYD-078,22305,246,11.028917283120377
STN-HYD-079,18319,235,12.828211146896663
STN-HYD-080,12720,173,13.60062893081761
STN-HYD-081,22998,268,11.653187233672494
STN-HYD-082,20679,262,12.66985831036317
STN-HYD-083,16042,186,11.594564268794416
STN-HYD-084,9181,129,14.05075699814835
STN-HYD-085,3566,57,15.98429613011778
STN-HYD-086,12526,181,14.449944116238225
STN-HYD-087,12577,154,12.244573427685458
STN-HYD-088,9588,120,12.515644555694617
STN-JAI-133,25937,339,13.070131472413927
STN-JAI-134,42925,584,13.605125218404194
STN-JAI-135,29930,368,12.295355830270632
STN-JAI-136,29340,368,12.542603953646898
STN-JAI-137,44369,586,13.20741959476211
STN-JAI-138,48945,674,13.77055879047911
STN-JAI-139,31659,400,12.634637859692345
STN-JAI-140,44113,626,14.190828100559926
STN-JAI-141,45590,645,14.14783943847335
STN-JAI-142,33319,436,13.0856268195324
STN-JAI-143,12102,173,14.295157825152867
STN-JAI-144,10452,123,11.768082663605052
STN-JAI-145,19682,287,14.581851437862005
STN-JAI-146,16947,204,12.0375287661533
STN-JAI-147,7112,90,12.65466816647919
STN-JAI-148,26552,386,14.53751129858391
STN-JAI-149,7167,92,12.836612250592996
STN-JAI-150,11483,155,13.498214752242445
STN-MUM-111,30905,251,8.121663161300761
STN-MUM-112,35310,304,8.609459076748797
STN-MUM-113,40607,314,7.732656931070998
STN-MUM-114,28198,223,7.908362295198241
STN-MUM-115,35223,287,8.148085058058655
STN-MUM-116,36184,292,8.069865133760777
STN-MUM-117,26692,234,8.766671661921174
STN-MUM-118,29088,224,7.700770077007701
STN-MUM-119,37128,303,8.160956690368456
STN-MUM-120,19279,148,7.676746719228176
STN-MUM-121,36108,310,8.585355045973191
STN-MUM-122,29282,247,8.435216173758622
STN-MUM-123,36164,296,8.184935294768279
STN-MUM-124,17280,171,9.895833333333332
STN-MUM-125,14364,129,8.98078529657477
STN-MUM-126,38677,394,10.186932802440728
STN-MUM-127,14133,132,9.339842920823605
STN-MUM-128,5293,53,10.013225014169658
STN-MUM-129,8367,81,9.68088920760129
STN-MUM-130,3903,33,8.455034588777863
STN-MUM-131,2983,39,13.074086490110625
STN-MUM-132,5125,52,10.146341463414634
STN-PUN-089,31335,275,8.77612892931227
STN-PUN-090,38073,326,8.562498358416725
STN-PUN-091,32455,302,9.305191804036358
STN-PUN-092,31000,319,10.290322580645162
STN-PUN-093,34395,323,9.390899840093036
STN-PUN-094,32814,296,9.020540013408912
STN-PUN-095,32210,259,8.040981061782055
STN-PUN-096,46174,389,8.424654567505522
STN-PUN-097,32232,263,8.159592951104493
STN-PUN-098,32923,268,8.140205935060596
STN-PUN-099,34534,281,8.13690855388892
STN-PUN-100,34916,306,8.763890480009165
STN-PUN-101,23099,201,8.701675397203342
STN-PUN-102,12733,139,10.916516139165948
STN-PUN-103,17950,187,10.41782729805014
STN-PUN-104,13347,150,11.238480557428636
STN-PUN-105,11742,115,9.793902231306422
STN-PUN-106,37570,367,9.76843225978174
STN-PUN-107,3145,32,10.174880763116057
STN-PUN-108,5592,65,11.623748211731044
STN-PUN-109,6584,87,13.213851761846902
STN-PUN-110,8081,82,10.14725900259869
