charger_generation,city,total_attempts,completed_swaps,failed_swaps,abandoned_swaps,cancelled_swaps,system_error_swaps,total_revenue,average_queue_wait,median_queue_wait,p90_queue_wait,completion_rate,failure_rate,abandonment_rate,revenue_per_completed_swap
Gen1,Bengaluru,307636,293205,7875,4178,1431,947,19209354.75,242.78793769259775,206.0,434.0,0.9530906655918033,0.025598434513515973,0.013580985320313618,65.51509950376017
Gen1,Delhi NCR,456378,417451,23853,11741,1986,1347,26005817.25,242.68830881418472,204.0,444.0,0.914704477428798,0.052265884858604054,0.02572648111872176,62.29669410302047
Gen1,Hyderabad,478150,442560,21562,10586,2017,1425,27661985.7,242.76345289135207,205.0,442.0,0.9255672905991844,0.04509463557461048,0.022139495974066715,62.50448684924078
Gen1,Jaipur,376127,343893,19838,9753,1602,1041,21528120.35,243.14752198060762,205.0,445.0,0.9143002230629548,0.05274282356757159,0.025930071491809946,62.60121709368903
Gen1,Mumbai,71331,68138,1767,927,291,208,4244564.4,243.22861028164473,207.0,433.0,0.9552368535419383,0.024771838331160364,0.012995752197501787,62.293645249346916
Gen1,Pune,132384,125025,4247,2202,523,387,8062258.45,243.7472202078801,207.0,437.0,0.9444117113850616,0.0320809161227943,0.016633430021754894,64.48517056588682
Gen2,Bengaluru,408496,390338,9958,5257,1718,1225,25710011.65,242.96073890564412,207.0,433.0,0.9555491363440524,0.02437722768399201,0.012869159061533039,65.86602290835123
Gen2,Delhi NCR,236060,222453,7738,4134,992,743,13931732.25,242.91489875455392,206.0,437.0,0.9423578751164958,0.032779801745318984,0.01751249682284165,62.627756200186106
Gen2,Hyderabad,147294,139393,4435,2382,628,456,8731615.8,242.55534509212868,206.0,435.0,0.9463589827148424,0.030109848330549784,0.01617173815634038,62.64027461924201
Gen2,Jaipur,48731,45960,1622,803,199,147,2930568.9,243.19383965032526,207.0,437.0,0.9431368122960744,0.03328476739652377,0.016478217151299993,63.76346605744125
Gen2,Mumbai,433291,414028,10458,5573,1915,1317,26295270.35,243.26012310433404,207.0,434.0,0.9555425799289623,0.024136204075321206,0.012862025751746517,63.51085035311622
Gen2,Pune,346815,329968,9353,4937,1515,1042,21781733.6,242.7335034528495,206.0,433.0,0.9514236696798005,0.026968268385162118,0.014235255107189712,66.01165446346313
Gen3,Bengaluru,47154,45010,1166,614,218,146,3103816.3,242.7019340883064,207.0,432.0,0.9545319591126946,0.024727488654196886,0.013021164694405564,68.958371473006
Gen3,Delhi NCR,76463,72469,2301,1155,323,215,4626949.55,242.33503786144934,206.0,434.0,0.9477655859696846,0.030092986150164133,0.015105345068856833,63.847294015372086
Gen3,Hyderabad,86478,82353,2275,1190,388,272,5127678.85,243.30518744651818,207.0,434.0,0.9523000069381808,0.026307268900760888,0.013760725271167232,62.26462727526623
Gen3,Jaipur,62766,59505,1841,962,272,186,3769925.5,244.13037313195042,207.0,438.0,0.9480451199694102,0.029331166555141317,0.015326769269986936,63.35476850684817
Gen3,Mumbai,25671,24546,613,327,107,78,1549086.4,242.99407892174048,207.0,433.0,0.956176229987145,0.023879085349226753,0.012738109150403179,63.1095249735191
Gen3,Pune,73705,70333,1879,942,333,218,4922002.05,242.97298690726544,207.0,434.0,0.9542500508785021,0.025493521470727903,0.012780679736788548,69.98140346636714
