station_id,total_attempts,total_tickets,app_issue,billing_dispute,long_queue,low_range,no_battery_available,other,tickets_per_1000_attempts
STN-BLR-001,26253,204,20,33,23,28,55,45,7.770540509656039
STN-BLR-002,30916,232,30,36,28,29,64,45,7.504204942424634
STN-BLR-003,40239,351,55,57,48,55,67,69,8.722880787295907
STN-BLR-004,52092,452,50,85,60,66,103,88,8.676956154495892
STN-BLR-005,26380,232,31,45,32,28,50,46,8.794541319181198
STN-BLR-006,31159,279,33,40,33,48,72,53,8.954074264257518
STN-BLR-007,24075,207,30,25,33,23,47,49,8.598130841121495
STN-BLR-008,31225,242,26,44,31,27,58,56,7.750200160128102
STN-BLR-009,39125,325,31,48,49,52,80,65,8.30670926517572
STN-BLR-010,29975,268,28,43,37,34,67,59,8.940783986655546
STN-BLR-011,35151,309,38,45,34,46,78,68,8.790646069813093
STN-BLR-012,16582,119,11,25,10,18,34,21,7.176456398504403
STN-BLR-013,37910,320,40,41,57,49,81,52,8.441044579266684
STN-BLR-014,22829,196,27,34,27,20,37,51,8.585570984274389
STN-BLR-015,30235,273,28,47,46,39,63,50,9.029270712750124
STN-BLR-016,20887,178,26,26,20,27,42,37,8.522047206396323
STN-BLR-017,23968,205,23,35,15,25,69,38,8.553070761014686
STN-BLR-018,40295,336,47,50,44,47,92,56,8.33850353641891
STN-BLR-019,58065,506,67,93,68,76,113,89,8.714371824679239
STN-BLR-020,21722,171,30,30,22,16,44,29,7.872203296197403
STN-BLR-021,12097,109,15,16,13,24,25,16,9.010498470695214
STN-BLR-022,16468,172,28,19,12,28,41,44,10.444498421180471
STN-BLR-023,11163,121,21,18,15,12,22,33,10.839380094956553
STN-BLR-024,23561,211,39,24,23,30,42,53,8.955477271762659
STN-BLR-025,8255,64,5,9,11,10,14,15,7.7528770442156265
STN-BLR-026,13760,149,21,23,17,19,28,41,10.828488372093023
STN-BLR-027,6247,54,9,6,3,8,9,19,8.644149191611973
STN-BLR-028,4171,45,8,6,8,6,8,9,10.788779669144091
STN-BLR-029,3457,51,11,4,4,8,12,12,14.752675730402082
STN-BLR-030,7961,83,14,5,9,20,14,21,10.425825901268684
STN-BLR-031,4972,45,8,5,5,7,12,8,9.05068382944489
STN-BLR-032,12091,143,25,8,13,25,36,36,11.826978744520718
STN-DEL-033,33753,448,47,39,58,69,135,100,13.272894261250851
STN-DEL-034,24506,288,35,31,42,36,81,63,11.752223945156288
STN-DEL-035,29553,400,56,30,56,48,118,92,13.53500490643928
STN-DEL-036,35497,460,67,31,62,62,137,101,12.958841592247232
STN-DEL-037,30838,440,56,25,88,54,146,71,14.268110772423633
STN-DEL-038,27830,341,44,24,55,66,98,54,12.25296442687747
STN-DEL-039,31781,433,51,31,56,59,150,86,13.624492621377552
STN-DEL-040,40335,511,51,34,81,66,158,121,12.668897979422338
STN-DEL-041,41678,457,70,46,40,80,110,111,10.965017515235857
STN-DEL-042,30707,334,51,35,47,53,79,69,10.876998729931286
STN-DEL-043,49597,681,90,48,84,81,220,158,13.730669193701232
STN-DEL-044,37515,429,65,28,57,74,114,91,11.435425829668134
STN-DEL-045,32233,484,62,39,92,59,144,88,15.015667173393727
STN-DEL-046,32734,354,48,32,30,46,97,101,10.814443697684364
STN-DEL-047,41592,532,77,36,71,69,182,97,12.790921331025197
STN-DEL-048,34644,487,61,34,76,55,170,91,14.057268213832122
STN-DEL-049,21665,286,32,26,38,43,94,53,13.201015462727902
STN-DEL-050,47060,639,82,33,83,103,197,141,13.578410539736506
STN-DEL-051,14439,181,25,9,22,32,48,45,12.535494147794168
STN-DEL-052,13267,139,24,13,19,27,19,37,10.477123690359539
STN-DEL-053,15640,200,34,12,28,37,43,46,12.78772378516624
STN-DEL-054,11595,175,35,9,16,32,39,44,15.09271237602415
STN-DEL-055,19129,220,42,12,22,33,34,77,11.500862564692353
STN-DEL-056,13979,174,30,10,13,37,42,42,12.447242292009443
STN-DEL-057,10491,131,18,3,12,29,29,40,12.486893527785721
STN-DEL-058,14793,220,35,10,20,53,41,61,14.871898871087678
STN-DEL-059,11689,158,21,4,14,40,32,47,13.516981777739755
STN-DEL-060,9474,142,15,3,12,33,31,48,14.988389275913024
STN-DEL-061,4822,65,13,1,6,12,15,18,13.479883865615928
STN-DEL-062,6065,98,16,3,9,24,20,26,16.15828524319868
STN-HYD-063,36753,398,52,42,37,67,98,102,10.829047968873288
STN-HYD-064,36821,445,54,38,64,69,142,78,12.085494690529861
STN-HYD-065,46001,551,70,45,66,98,161,111,11.978000478250474
STN-HYD-066,33079,358,55,45,40,63,79,76,10.822576256839687
STN-HYD-067,40152,503,64,48,65,78,138,110,12.527395895596733
STN-HYD-068,37775,418,48,36,56,52,142,84,11.065519523494373
STN-HYD-069,34499,388,49,26,57,53,124,79,11.246702802979796
STN-HYD-070,49688,618,83,40,94,94,175,132,12.43761069071003
STN-HYD-071,32357,397,51,30,68,47,107,94,12.269369842692461
STN-HYD-072,51763,689,97,45,114,104,194,135,13.310665919672353
STN-HYD-073,32445,411,53,29,52,55,125,97,12.667591308368007
STN-HYD-074,33251,418,64,36,44,67,120,87,12.571050494721963
STN-HYD-075,25744,250,41,24,43,43,50,49,9.71100062150404
STN-HYD-076,23628,273,38,21,39,37,77,61,11.554088369730827
STN-HYD-077,37465,466,51,45,70,61,142,97,12.438275724009076
STN-HYD-078,22305,246,36,24,39,33,74,40,11.028917283120377
STN-HYD-079,18319,235,37,20,22,38,42,76,12.828211146896663
STN-HYD-080,12720,173,28,9,20,36,32,48,13.60062893081761
STN-HYD-081,22998,268,54,15,24,55,46,74,11.653187233672494
STN-HYD-082,20679,262,46,11,33,62,35,75,12.66985831036317
STN-HYD-083,16042,186,36,10,22,39,27,52,11.594564268794416
STN-HYD-084,9181,129,17,3,15,39,23,32,14.05075699814835
STN-HYD-085,3566,57,8,1,6,13,12,17,15.98429613011778
STN-HYD-086,12526,181,28,7,18,40,29,59,14.449944116238225
STN-HYD-087,12577,154,29,8,13,33,24,47,12.244573427685458
STN-HYD-088,9588,120,18,1,17,28,22,34,12.515644555694617
STN-PUN-089,31335,275,30,48,27,38,70,62,8.77612892931227
STN-PUN-090,38073,326,40,62,48,45,75,56,8.562498358416725
STN-PUN-091,32455,302,36,37,33,49,89,58,9.305191804036358
STN-PUN-092,31000,319,39,55,44,40,94,47,10.290322580645162
STN-PUN-093,34395,323,38,60,48,32,87,58,9.390899840093036
STN-PUN-094,32814,296,42,48,42,35,66,63,9.020540013408912
STN-PUN-095,32210,259,22,50,33,40,72,42,8.040981061782055
STN-PUN-096,46174,389,44,63,60,51,96,75,8.424654567505522
STN-PUN-097,32232,263,24,53,38,36,70,42,8.159592951104493
STN-PUN-098,32923,268,28,43,39,42,65,51,8.140205935060596
STN-PUN-099,34534,281,32,42,38,47,75,47,8.13690855388892
STN-PUN-100,34916,306,32,49,47,32,73,73,8.763890480009165
STN-PUN-101,23099,201,15,39,25,30,62,30,8.701675397203342
STN-PUN-102,12733,139,16,18,14,19,41,31,10.916516139165948
STN-PUN-103,17950,187,25,28,30,25,46,33,10.41782729805014
STN-PUN-104,13347,150,23,19,16,23,29,40,11.238480557428636
STN-PUN-105,11742,115,12,13,13,24,31,22,9.793902231306422
STN-PUN-106,37570,367,66,38,36,68,76,83,9.76843225978174
STN-PUN-107,3145,32,7,2,0,4,7,12,10.174880763116057
STN-PUN-108,5592,65,17,4,3,10,14,17,11.623748211731044
STN-PUN-109,6584,87,17,13,5,15,12,25,13.213851761846902
STN-PUN-110,8081,82,11,8,8,13,18,24,10.14725900259869
STN-MUM-111,30905,251,24,45,33,28,71,50,8.121663161300761
STN-MUM-112,35310,304,39,52,35,44,65,69,8.609459076748797
STN-MUM-113,40607,314,31,53,38,61,71,60,7.732656931070998
STN-MUM-114,28198,223,21,39,30,32,60,41,7.908362295198241
STN-MUM-115,35223,287,28,51,36,31,89,52,8.148085058058655
STN-MUM-116,36184,292,33,44,32,43,71,69,8.069865133760777
STN-MUM-117,26692,234,27,47,30,33,56,41,8.766671661921174
STN-MUM-118,29088,224,23,37,31,36,50,47,7.700770077007701
STN-MUM-119,37128,303,34,56,40,50,68,55,8.160956690368456
STN-MUM-120,19279,148,23,29,24,22,24,26,7.676746719228176
STN-MUM-121,36108,310,41,47,37,46,82,57,8.585355045973191
STN-MUM-122,29282,247,29,39,35,25,64,55,8.435216173758622
STN-MUM-123,36164,296,44,53,37,29,67,66,8.184935294768279
STN-MUM-124,17280,171,26,27,21,24,37,36,9.895833333333332
STN-MUM-125,14364,129,17,22,9,29,30,22,8.98078529657477
STN-MUM-126,38677,394,51,38,41,60,96,108,10.186932802440728
STN-MUM-127,14133,132,21,16,25,18,28,24,9.339842920823605
STN-MUM-128,5293,53,8,3,6,9,12,15,10.013225014169658
STN-MUM-129,8367,81,10,3,10,19,18,21,9.68088920760129
STN-MUM-130,3903,33,6,4,3,6,5,9,8.455034588777863
STN-MUM-131,2983,39,9,2,9,6,4,9,13.074086490110625
STN-MUM-132,5125,52,10,2,8,13,7,12,10.146341463414634
STN-JAI-133,25937,339,35,24,56,44,112,68,13.070131472413927
STN-JAI-134,42925,584,77,37,70,85,199,116,13.605125218404194
STN-JAI-135,29930,368,50,42,53,57,109,57,12.295355830270632
STN-JAI-136,29340,368,35,29,57,45,125,77,12.542603953646898
STN-JAI-137,44369,586,63,51,88,74,189,121,13.20741959476211
STN-JAI-138,48945,674,73,58,98,92,234,119,13.77055879047911
STN-JAI-139,31659,400,51,28,55,52,147,67,12.634637859692345
STN-JAI-140,44113,626,71,46,93,95,186,135,14.190828100559926
STN-JAI-141,45590,645,83,58,82,91,204,127,14.14783943847335
STN-JAI-142,33319,436,41,38,77,49,143,88,13.0856268195324
STN-JAI-143,12102,173,22,8,21,35,46,41,14.295157825152867
STN-JAI-144,10452,123,18,5,10,35,24,31,11.768082663605052
STN-JAI-145,19682,287,49,12,27,50,58,91,14.581851437862005
STN-JAI-146,16947,204,37,17,18,35,37,60,12.0375287661533
STN-JAI-147,7112,90,15,2,6,22,17,28,12.65466816647919
STN-JAI-148,26552,386,67,14,31,81,81,112,14.53751129858391
STN-JAI-149,7167,92,12,2,12,20,21,25,12.836612250592996
STN-JAI-150,11483,155,27,4,14,35,26,49,13.498214752242445
