station_id,city,location_type,charger_generation,commissioned_date,station_status,latitude,longitude,total_attempts,completed_swaps,failed_swaps,abandoned_swaps,cancelled_swaps,system_error_swaps,total_revenue,average_queue_wait,median_queue_wait,p90_queue_wait,completion_rate,failure_rate,abandonment_rate,revenue_per_completed_swap,support_ticket_count,tickets_per_1000_attempts
STN-BLR-001,Bengaluru,transit_hub,Gen1,2023-12-09,Active,12.926943,77.604655,26253,25006,693,376,96,82,1651831.6,242.26823601112253,205.0,437.7999999999993,0.9525006665904849,0.026396983201919782,0.014322172704071916,66.05741022154683,204,7.770540509656039
STN-BLR-002,Bengaluru,commercial_hub,Gen2,2023-06-20,Active,13.149199,77.530565,30916,29568,781,369,124,74,1908560.55,243.2829926251779,206.0,432.0,0.9563979816276362,0.02526200025876569,0.011935567343770217,64.54817877435065,232,7.504204942424634
STN-BLR-003,Bengaluru,commercial_hub,Gen2,2023-09-26,Active,12.917986,77.60756,40239,38519,961,487,152,120,2466592.4,243.5380103879321,208.0,432.0,0.9572553989910286,0.02388230323815204,0.012102686448470389,64.03573301487577,351,8.722880787295907
STN-BLR-004,Bengaluru,market,Gen1,2023-08-25,Active,13.030901,77.489397,52092,49668,1335,700,231,158,3230934.4,243.03294171849805,206.0,433.0,0.953466943100668,0.025627735544805345,0.013437763956077708,65.05062414431828,452,8.676956154495892
STN-BLR-005,Bengaluru,residential,Gen1,2023-11-07,Active,12.815864,77.628712,26380,25101,710,345,144,80,1695998.0,242.36675511751326,206.0,433.0,0.951516300227445,0.026914329037149357,0.013078089461713419,67.56694952392336,232,8.794541319181198
STN-BLR-006,Bengaluru,commercial_hub,Gen1,2023-06-10,Active,13.167715,77.49896,31159,29749,748,420,147,95,1913785.45,243.83693314933086,207.0,436.0,0.954748226836548,0.02400590519593055,0.013479251580602715,64.33108507849003,279,8.954074264257518
STN-BLR-007,Bengaluru,commercial_hub,Gen2,2023-09-07,Active,12.835339,77.639064,24075,23006,596,301,102,70,1511307.3,242.03036344755972,206.0,432.0,0.9555970924195223,0.024755970924195222,0.012502596053997924,65.6918760323394,207,8.598130841121495
STN-BLR-008,Bengaluru,market,Gen2,2023-12-08,Active,13.022087,77.530346,31225,29860,717,429,128,91,1983172.25,245.03253803042435,208.0,440.0,0.9562850280224179,0.022962369895916733,0.013738991192954363,66.41568151373075,242,7.750200160128102
STN-BLR-009,Bengaluru,commercial_hub,Gen1,2023-09-01,Active,12.799911,77.629492,39125,37327,964,547,163,124,2464531.55,243.95874760383387,207.0,437.0,0.9540447284345048,0.02463897763578275,0.013980830670926517,66.02543869049214,325,8.30670926517572
STN-BLR-010,Bengaluru,market,Gen2,2023-06-05,Active,13.157407,77.505721,29975,28583,758,390,115,129,1890170.95,241.95853211009174,207.0,429.6000000000022,0.9535613010842369,0.025287739783152626,0.013010842368640533,66.12920092362593,268,8.940783986655546
STN-BLR-011,Bengaluru,tech_park,Gen1,2023-08-30,Active,13.028538,77.4997,35151,33551,923,426,148,103,2191551.3,241.76655002702626,206.0,432.0,0.9544820915478934,0.02625814343830901,0.01211914312537339,65.31999940389258,309,8.790646069813093
STN-BLR-012,Bengaluru,tech_park,Gen1,2023-08-09,Active,12.815094,77.625845,16582,15775,426,237,96,48,1046006.0,243.3990471595706,205.0,437.0,0.951332770474008,0.02569050777951996,0.014292606440718851,66.30782884310618,119,7.176456398504403
STN-BLR-013,Bengaluru,market,Gen2,2023-09-14,Active,12.945109,77.582166,37910,36232,906,494,161,117,2372273.65,242.31326826694803,206.0,432.0,0.9557372724874703,0.0238987074650488,0.013030862569242943,65.47454322146169,320,8.441044579266684
STN-BLR-014,Bengaluru,market,Gen1,2023-09-21,Active,12.825178,77.637458,22829,21775,572,306,106,70,1444013.35,241.7213631784134,205.0,432.0,0.9538306539927286,0.025055850015331376,0.013404003679530423,66.31519402985074,196,8.585570984274389
STN-BLR-015,Bengaluru,commercial_hub,Gen2,2023-11-05,Active,13.155268,77.514607,30235,28921,730,375,119,90,1831295.15,241.61686786836447,206.0,431.0,0.9565404332726972,0.02414420373739044,0.012402844385645775,63.320602676256,273,9.029270712750124
STN-BLR-016,Bengaluru,commercial_hub,Gen2,2023-11-11,Active,12.838193,77.611269,20887,19982,489,279,83,54,1303565.6,243.49274668454063,207.0,434.0,0.9566716139225355,0.02341169148274046,0.013357590845980753,65.23699329396457,178,8.522047206396323
STN-BLR-017,Bengaluru,tech_park,Gen2,2023-07-21,Active,12.942027,77.603844,23968,22827,622,334,102,83,1550027.7,243.39899032042723,205.0,436.0,0.9523948598130841,0.025951268357810413,0.01393524699599466,67.9032592981995,205,8.553070761014686
STN-BLR-018,Bengaluru,market,Gen2,2023-07-24,Active,12.929766,77.602778,40295,38371,1053,538,203,130,2502225.05,241.99741903461967,205.0,435.0,0.9522521404640775,0.02613227447574141,0.013351532448194566,65.2113588387063,336,8.33850353641891
STN-BLR-019,Bengaluru,commercial_hub,Gen1,2023-08-18,Active,13.037931,77.484227,58065,55253,1504,821,300,187,3570703.1,242.5057780074055,206.0,432.0,0.9515715146818221,0.02590200637216912,0.014139326616722639,64.62460137911064,506,8.714371824679239
STN-BLR-020,Bengaluru,tech_park,Gen2,2023-10-22,Active,13.150763,77.498129,21722,20768,521,294,80,59,1387181.5,242.5940521130651,207.0,433.0,0.9560813921370039,0.023984900101279807,0.01353466531626922,66.79417854391372,171,7.872203296197403
STN-BLR-021,Bengaluru,highway_fuel_pump,Gen2,2024-10-08,Active,13.148858,77.522696,12097,11588,273,144,51,41,800535.25,244.01719434570555,208.0,434.0,0.9579234520955608,0.022567578738530214,0.011903777796147805,69.08312478425958,109,9.010498470695214
STN-BLR-022,Bengaluru,highway_fuel_pump,Gen2,2024-10-08,Active,12.822023,77.658564,16468,15712,427,217,70,42,1076484.95,244.07954821471947,208.0,434.0,0.95409278600923,0.02592907456886082,0.013177070682535827,68.51355333503055,172,10.444498421180471
STN-BLR-023,Bengaluru,residential,Gen2,2024-08-30,Active,13.16631,77.527781,11163,10644,263,166,59,31,706665.85,243.62734032070233,207.0,434.0,0.9535071217414673,0.02355997491713697,0.014870554510436262,66.39100432168358,121,10.839380094956553
STN-BLR-024,Bengaluru,residential,Gen2,2024-09-18,Active,13.002362,77.474726,23561,22582,538,273,106,62,1521572.65,243.41335257416918,207.0,431.0,0.9584482831798311,0.022834344891982515,0.011586944526972539,67.37988884952617,211,8.955477271762659
STN-BLR-025,Bengaluru,highway_fuel_pump,Gen3,2024-10-10,Active,12.821132,77.629489,8255,7895,174,127,36,23,551609.7,246.2732889158086,210.0,433.0,0.9563900666262871,0.021078134463961236,0.015384615384615385,69.86823305889803,64,7.7528770442156265
STN-BLR-026,Bengaluru,highway_fuel_pump,Gen2,2024-09-30,Active,13.139957,77.504484,13760,13175,323,167,63,32,898380.85,242.64026162790697,206.0,433.0,0.9574854651162791,0.023473837209302326,0.012136627906976744,68.18829981024668,149,10.828488372093023
STN-BLR-027,Bengaluru,market,Gen3,2025-04-06,Active,13.04354,77.526621,6247,5973,145,81,26,22,416674.1,242.2842964623019,207.0,434.0,0.9561389466944133,0.023211141347846968,0.012966223787417961,69.75960154026453,54,8.644149191611973
STN-BLR-028,Bengaluru,transit_hub,Gen3,2025-02-19,Active,12.849491,77.627915,4171,3954,114,63,26,14,280316.75,242.5157036681851,208.0,430.0,0.947974106928794,0.027331575161831694,0.015104291536801727,70.89447395042994,45,10.788779669144091
STN-BLR-029,Bengaluru,market,Gen3,2025-04-28,Active,12.817158,77.631451,3457,3289,96,44,18,10,232234.2,244.4900202487706,209.0,437.4000000000001,0.9514029505351461,0.027769742551345098,0.012727798669366503,70.60936454849498,51,14.752675730402082
STN-BLR-030,Bengaluru,market,Gen3,2025-04-21,Active,12.924526,77.58033,7961,7603,207,98,31,22,517524.4,241.9256374827283,206.0,431.0,0.9550307750282628,0.026001758573043588,0.012310011305112422,68.06844666578982,83,10.425825901268684
STN-BLR-031,Bengaluru,market,Gen3,2025-03-26,Active,12.830738,77.623313,4972,4743,136,54,21,18,325843.7,240.78399034593724,204.0,430.90000000000055,0.9539420756234915,0.027353177795655673,0.01086082059533387,68.69991566519082,45,9.05068382944489
STN-BLR-032,Bengaluru,market,Gen3,2025-03-02,Active,12.936329,77.579485,12091,11553,294,147,60,37,779613.45,241.33223058473246,205.0,431.0,0.9555040939541808,0.024315606649574065,0.012157803324787032,67.48147234484549,143,11.826978744520718
STN-DEL-033,Delhi NCR,market,Gen1,2023-06-28,Active,28.475943,77.097616,33753,30983,1729,810,140,91,1877410.9,241.98480135099103,203.0,440.0,0.9179332207507481,0.051225076289515004,0.023997866856279443,60.59487138107995,448,13.272894261250851
STN-DEL-034,Delhi NCR,highway_fuel_pump,Gen2,2023-07-03,Active,28.495335,77.081869,24506,23040,847,445,94,80,1435151.15,243.34975108136783,206.0,440.0,0.9401779156125031,0.0345629641720395,0.018158818248592182,62.28954644097222,288,11.752223945156288
STN-DEL-035,Delhi NCR,market,Gen1,2023-06-10,Active,28.60613,77.248722,29553,27105,1522,707,121,98,1729376.75,242.8769329678882,205.0,445.0,0.9171657699725916,0.05150069366900145,0.023923121172131426,63.80286847445121,400,13.53500490643928
STN-DEL-036,Delhi NCR,market,Gen1,2023-11-07,Active,28.598176,77.262656,35497,32466,1843,929,153,106,1970913.1,243.55179310927684,204.0,447.0,0.914612502464997,0.051919880553286196,0.02617122573738626,60.70698884987372,460,12.958841592247232
STN-DEL-037,Delhi NCR,commercial_hub,Gen1,2023-06-12,Active,28.620611,77.267558,30838,28039,1728,854,122,95,1753081.65,242.63587132758286,204.0,445.0,0.909235358972696,0.056034762306245545,0.02769310590829496,62.52297335853632,440,14.268110772423633
STN-DEL-038,Delhi NCR,market,Gen1,2023-10-06,Active,28.584375,77.212238,27830,25648,1320,625,146,91,1605009.0,243.23643550125763,204.0,444.0,0.921595400646784,0.04743083003952569,0.022457779374775423,62.578329694323145,341,12.25296442687747
STN-DEL-039,Delhi NCR,residential,Gen1,2023-11-25,Active,28.466488,77.097026,31781,29063,1681,807,147,83,1808169.95,240.92819609200467,203.0,439.0,0.9144772033604984,0.0528932380982348,0.025392530128063938,62.2155300553969,433,13.624492621377552
STN-DEL-040,Delhi NCR,market,Gen1,2023-09-08,Active,28.613492,77.145076,40335,36848,2078,1114,183,112,2364370.6,242.69423577538117,204.0,442.0,0.9135490268997148,0.051518532292054046,0.027618693442419736,64.16550694745983,511,12.668897979422338
STN-DEL-041,Delhi NCR,commercial_hub,Gen2,2023-09-04,Active,28.500709,77.081232,41678,39342,1330,711,185,110,2489106.05,242.75843370603195,206.0,436.0,0.9439512452612889,0.03191132012092711,0.01705935985411968,63.26841670479386,457,10.965017515235857
STN-DEL-042,Delhi NCR,market,Gen2,2023-06-02,Active,28.579633,77.221467,30707,28914,991,545,136,121,1803425.9,242.80229263685806,205.0,436.0,0.9416094050216564,0.03227277168072427,0.017748396131175303,62.3720654354292,334,10.876998729931286
STN-DEL-043,Delhi NCR,commercial_hub,Gen1,2023-09-29,Active,28.478187,77.101377,49597,45326,2611,1306,211,143,2802302.45,243.27616589713088,204.0,444.0,0.9138859205193862,0.05264431316410267,0.026332237836965946,61.82549640383004,681,13.730669193701232
STN-DEL-044,Delhi NCR,commercial_hub,Gen2,2023-11-10,Active,28.618268,77.263405,37515,35260,1287,689,163,116,2169271.4,243.38765827002533,206.0,441.0,0.9398907103825137,0.034306277489004396,0.01836598693855791,61.52216108905275,429,11.435425829668134
STN-DEL-045,Delhi NCR,commercial_hub,Gen1,2023-06-07,Active,28.622412,77.247504,32233,29422,1716,841,140,114,1835411.85,243.07945273477492,204.0,444.0,0.9127912387925418,0.05323736543294139,0.02609127291905811,62.382293861736116,484,15.015667173393727
STN-DEL-046,Delhi NCR,market,Gen2,2023-08-14,Active,28.598173,77.245905,32734,30785,1094,607,141,107,1893461.25,243.3334147980693,206.0,438.0,0.9404594611107717,0.03342090792448219,0.018543410521170648,61.50596881598181,354,10.814443697684364
STN-DEL-047,Delhi NCR,market,Gen1,2023-08-23,Active,28.610966,77.160085,41592,38083,2141,1071,178,119,2414570.6,242.13899307559146,203.0,443.0,0.9156328140026928,0.05147624543181381,0.025750144258511253,63.40284641441063,532,12.790921331025197
STN-DEL-048,Delhi NCR,market,Gen1,2023-09-07,Active,28.475881,77.071943,34644,31533,1894,962,158,97,1941973.25,243.99347650386792,204.0,450.0,0.9102009005888465,0.054670361390139706,0.027768156102066736,61.58542637871436,487,14.057268213832122
STN-DEL-049,Delhi NCR,tech_park,Gen1,2023-11-10,Active,28.485361,77.078575,21665,19928,1077,513,83,64,1264096.9,242.49245326563582,204.0,442.0,0.9198246018924533,0.04971151627048234,0.02367874451880914,63.433204536330784,286,13.201015462727902
STN-DEL-050,Delhi NCR,commercial_hub,Gen1,2023-10-06,Active,28.495258,77.095545,47060,43007,2513,1202,204,134,2639130.25,242.04428389290268,203.0,444.0,0.9138759031024224,0.053399915002124945,0.025541861453463665,61.365132420303674,639,13.578410539736506
STN-DEL-051,Delhi NCR,residential,Gen2,2024-09-22,Decommissioned,28.491312,77.114162,14439,13662,433,239,62,43,880140.95,242.7821178751991,206.0,432.0,0.9461874091003533,0.029988226331463398,0.01655239282498788,64.42255526277265,181,12.535494147794168
STN-DEL-052,Delhi NCR,residential,Gen2,2024-08-15,Active,28.606711,77.232221,13267,12574,400,202,47,44,797013.7,241.0779377402578,206.0,431.0,0.9477651315293586,0.030149996231250472,0.015225748096781488,63.385851757595034,139,10.477123690359539
STN-DEL-053,Delhi NCR,highway_fuel_pump,Gen2,2024-08-07,Active,28.604215,77.26892,15640,14776,494,265,59,46,944829.1,242.72589514066496,205.0,438.0,0.9447570332480818,0.031585677749360615,0.01694373401534527,63.943496210070386,200,12.78772378516624
STN-DEL-054,Delhi NCR,highway_fuel_pump,Gen2,2024-10-01,Active,28.495664,77.08538,11595,10954,398,169,44,30,676001.9,242.35610176800344,207.0,439.0,0.9447175506683916,0.03432514014661492,0.01457524795170332,61.712789848457184,175,15.09271237602415
STN-DEL-055,Delhi NCR,residential,Gen3,2024-09-28,Active,28.605747,77.142606,19129,18277,460,244,88,60,1171376.65,241.0389983794239,205.0,430.0,0.9554602958858278,0.024047258089811282,0.012755502117204245,64.09020353449691,220,11.500862564692353
STN-DEL-056,Delhi NCR,residential,Gen2,2024-10-27,Active,28.496811,77.080708,13979,13146,464,262,61,46,843330.85,243.17318835395952,208.0,438.0,0.9404106159238859,0.03319264611202518,0.0187423993132556,64.15113722805415,174,12.447242292009443
STN-DEL-057,Delhi NCR,tech_park,Gen3,2025-02-08,Active,28.491914,77.100781,10491,9948,304,164,49,26,640083.15,242.0082928224192,206.0,432.0,0.9482413497283386,0.028977218568296634,0.015632446859212657,64.34289806996381,131,12.486893527785721
STN-DEL-058,Delhi NCR,highway_fuel_pump,Gen3,2025-03-30,Active,28.747185,77.035625,14793,13950,505,225,65,48,910179.45,240.23159602514704,204.0,432.0,0.943013587507605,0.03413776786317853,0.015209896572703305,65.24583870967741,220,14.871898871087678
STN-DEL-059,Delhi NCR,commercial_hub,Gen3,2025-02-19,Active,28.480637,77.080806,11689,11122,326,175,37,29,671579.2,245.0459406279408,208.0,441.2000000000007,0.9514928565317821,0.027889468731285824,0.014971340576610488,60.38295270634777,158,13.516981777739755
STN-DEL-060,Delhi NCR,market,Gen3,2025-04-11,Active,28.47791,77.100748,9474,8886,347,174,42,25,593693.3,241.42379142917457,205.0,434.0,0.9379354021532615,0.036626556892548026,0.01836605446485117,66.81221021832096,142,14.988389275913024
STN-DEL-061,Delhi NCR,highway_fuel_pump,Gen3,2025-03-14,Active,28.488696,77.084866,4822,4579,155,59,19,10,281803.0,244.55599336374948,207.0,433.90000000000055,0.9496059726254666,0.03214433844877644,0.012235586893405226,61.54247652325835,65,13.479883865615928
STN-DEL-062,Delhi NCR,market,Gen3,2025-03-26,Active,28.589736,77.236667,6065,5707,204,114,23,17,358234.8,246.55136026380873,209.0,437.0,0.9409727947238252,0.033635614179719706,0.018796372629843364,62.771123182057124,98,16.15828524319868
STN-HYD-063,Hyderabad,transit_hub,Gen2,2023-10-17,Active,17.233343,78.508574,36753,34787,1097,598,160,111,2135898.6,243.6577694337877,206.0,436.0,0.9465077680733546,0.029847903572497482,0.016270780616548308,61.399333084198126,398,10.829047968873288
STN-HYD-064,Hyderabad,market,Gen1,2023-08-03,Active,17.250335,78.56334,36821,34027,1675,828,171,120,2122281.75,243.3680236821379,206.0,442.0,0.9241193883924934,0.04549034518345509,0.02248716764889601,62.370521938460634,445,12.085494690529861
STN-HYD-065,Hyderabad,commercial_hub,Gen1,2023-12-05,Active,17.241279,78.499876,46001,42650,2042,975,207,127,2597473.6,242.54777070063693,206.0,437.0,0.9271537575270102,0.04439033934044912,0.021195191408882416,60.90207737397421,551,11.978000478250474
STN-HYD-066,Hyderabad,commercial_hub,Gen2,2023-11-07,Active,17.256875,78.59181,33079,31305,1008,503,156,107,1916643.3,241.1890625472354,205.0,435.0,0.9463708092747665,0.03047250521478884,0.015206021947459113,61.2248298993771,358,10.822576256839687
STN-HYD-067,Hyderabad,commercial_hub,Gen1,2023-09-24,Active,17.468527,78.51652,40152,37371,1649,856,162,114,2364194.1,242.82748057381949,205.0,441.0,0.9307381948595338,0.041068938035465234,0.0213189878461845,63.26280003211046,503,12.527395895596733
STN-HYD-068,Hyderabad,commercial_hub,Gen1,2023-09-17,Active,17.24069,78.553185,37775,34943,1770,822,138,102,2180558.5,243.5006221045665,205.0,444.0,0.9250297816015883,0.04685638649900728,0.021760423560555922,62.40329965944538,418,11.065519523494373
STN-HYD-069,Hyderabad,market,Gen1,2023-12-09,Active,17.464299,78.498401,34499,31894,1583,752,168,102,2019480.35,241.87411229310993,204.0,443.0,0.9244905649439115,0.045885387982260356,0.021797733267630945,63.31850348027842,388,11.246702802979796
STN-HYD-070,Hyderabad,market,Gen1,2023-08-24,Active,17.392846,78.587976,49688,45920,2311,1094,207,156,2928321.25,242.97236757365962,205.0,443.0,0.9241668008372242,0.0465102237964901,0.022017388504266624,63.77006206445993,618,12.43761069071003
STN-HYD-071,Hyderabad,market,Gen1,2023-06-18,Active,17.228754,78.574117,32357,29996,1425,702,138,96,1865560.6,241.52300893160677,204.0,441.0,0.9270327904317458,0.04403992953611274,0.021695460024106068,62.193645819442594,397,12.269369842692461
STN-HYD-072,Hyderabad,commercial_hub,Gen1,2023-06-08,Active,17.235007,78.506861,51763,47588,2529,1271,214,161,2870864.45,242.71462241369318,204.0,444.0,0.9193439329250623,0.04885729188802813,0.024554218264010972,60.32748697150542,689,13.310665919672353
STN-HYD-073,Hyderabad,market,Gen1,2023-11-16,Active,17.244067,78.582652,32445,30121,1382,725,126,91,1852913.0,243.8905532439513,205.0,444.0,0.9283710895361381,0.04259516104176298,0.022345507782400985,61.51565353075927,411,12.667591308368007
STN-HYD-074,Hyderabad,residential,Gen1,2023-11-21,Active,17.503863,78.363688,33251,30799,1484,738,133,97,1952305.55,243.37562780066764,205.0,443.0,0.9262578569065592,0.04463023668461099,0.02219482120838471,63.388601902659175,418,12.571050494721963
STN-HYD-075,Hyderabad,highway_fuel_pump,Gen2,2023-10-22,Active,17.454298,78.494977,25744,24380,780,406,99,79,1558544.5,242.12795214418892,205.0,434.0,0.9470167806090739,0.030298321939092605,0.01577066500932256,63.927173913043475,250,9.71100062150404
STN-HYD-076,Hyderabad,transit_hub,Gen1,2023-10-27,Active,17.449139,78.513023,23628,21891,1041,533,92,71,1371018.65,243.84408329101066,205.0,442.0,0.9264855256475368,0.04405789740985272,0.02255798205518876,62.62932940477822,273,11.554088369730827
STN-HYD-077,Hyderabad,market,Gen1,2023-08-19,Active,17.433347,78.513368,37465,34621,1726,827,171,120,2244135.45,241.91052982783933,204.0,442.0,0.924089149873215,0.046069665020685976,0.022073935673295075,64.8200644117732,466,12.438275724009076
STN-HYD-078,Hyderabad,residential,Gen1,2023-07-27,Active,17.233976,78.58993,22305,20739,945,463,90,68,1292878.45,241.40529029365612,204.0,435.0,0.9297915265635508,0.04236718224613315,0.020757677650750952,62.340443126476686,246,11.028917283120377
STN-HYD-079,Hyderabad,highway_fuel_pump,Gen2,2024-10-03,Active,17.394644,78.580457,18319,17296,569,305,89,60,1129786.2,241.94404716414653,206.0,433.0,0.9441563404115946,0.031060647415251923,0.016649380424695673,65.3206637372803,235,12.828211146896663
STN-HYD-080,Hyderabad,highway_fuel_pump,Gen2,2024-10-24,Active,17.459734,78.508433,12720,12013,388,219,51,49,771205.35,242.62201257861636,207.0,431.10000000000036,0.9444182389937107,0.03050314465408805,0.01721698113207547,64.19756513776741,173,13.60062893081761
STN-HYD-081,Hyderabad,residential,Gen3,2024-08-25,Active,17.254772,78.500249,22998,21880,636,317,91,74,1408923.25,243.35885729193842,207.0,436.2999999999993,0.9513870771371423,0.02765457865901383,0.013783807287590225,64.39320155393052,268,11.653187233672494
STN-HYD-082,Hyderabad,highway_fuel_pump,Gen2,2024-10-14,Active,17.265584,78.506511,20679,19612,593,351,73,50,1219537.85,243.81415929203538,207.0,437.0,0.9484017602398569,0.028676435030707482,0.016973741476860583,62.18324750152968,262,12.66985831036317
STN-HYD-083,Hyderabad,residential,Gen3,2024-08-26,Active,17.264009,78.586175,16042,15321,391,192,81,57,955494.65,244.01234260067324,208.0,434.0,0.9550554793666625,0.024373519511282884,0.01196858247101359,62.365031655897134,186,11.594564268794416
STN-HYD-084,Hyderabad,commercial_hub,Gen3,2025-03-04,Active,17.246939,78.560329,9181,8723,255,136,37,30,532897.75,242.90665504846967,205.0,440.0,0.9501143666267291,0.027774752205642086,0.014813201176342446,61.09110970996217,129,14.05075699814835
STN-HYD-085,Hyderabad,transit_hub,Gen3,2025-03-30,Active,17.255567,78.572115,3566,3367,102,64,22,11,208422.1,242.82277061132922,206.0,433.0,0.9441951766685361,0.02860347728547392,0.0179472798653954,61.9014256014256,57,15.98429613011778
STN-HYD-086,Hyderabad,commercial_hub,Gen3,2025-02-03,Active,17.228798,78.564443,12526,11966,297,153,74,36,693178.45,241.66078556602267,204.0,427.0,0.9552929905795945,0.023710681781893662,0.012214593645217946,57.92900300852415,181,14.449944116238225
STN-HYD-087,Hyderabad,commercial_hub,Gen3,2025-03-15,Active,17.500676,78.334507,12577,11964,337,185,56,35,759025.45,243.35318438419336,206.0,432.0,0.9512602369404468,0.0267949431501948,0.014709390156635128,63.44244817786693,154,12.244573427685458
STN-HYD-088,Hyderabad,market,Gen3,2025-04-11,Active,17.530208,78.345679,9588,9132,257,143,27,29,569737.2,244.63965373383397,208.0,432.0,0.9524405506883604,0.026804338756779306,0.01491447642886942,62.38909329829172,120,12.515644555694617
STN-PUN-089,Pune,market,Gen2,2023-11-29,Active,18.570944,73.667246,31335,29829,871,427,118,90,1975388.4,243.16144885910325,206.0,437.0,0.9519387266634753,0.027796393808839956,0.013626934737513962,66.22375540581314,275,8.77612892931227
STN-PUN-090,Pune,market,Gen2,2023-11-20,Active,18.363691,73.784569,38073,36218,988,575,163,129,2331611.5,242.67746171827804,205.0,434.0,0.9512778084206656,0.02595014839912799,0.015102566122974287,64.3771467226241,326,8.562498358416725
STN-PUN-091,Pune,commercial_hub,Gen1,2023-08-17,Active,18.374112,73.76728,32455,30642,1045,544,143,81,1928239.7,243.82877830842705,207.0,435.0,0.944138037282391,0.032198428593437065,0.016761670004621785,62.92799751974414,302,9.305191804036358
STN-PUN-092,Pune,market,Gen1,2023-06-20,Active,18.575188,73.666667,31000,29241,990,544,130,95,1918029.5,243.04803225806452,206.0,435.0,0.943258064516129,0.03193548387096774,0.017548387096774195,65.59384083991655,319,10.290322580645162
STN-PUN-093,Pune,commercial_hub,Gen1,2023-11-02,Active,18.568005,73.688809,34395,32458,1128,579,129,101,2114850.95,243.70469544992005,207.0,438.0,0.9436836749527547,0.03279546445704318,0.01683384212821631,65.15653921991498,323,9.390899840093036
STN-PUN-094,Pune,commercial_hub,Gen2,2023-11-30,Active,18.388829,73.771147,32814,31249,871,449,136,109,2026518.95,244.32025964527335,208.0,436.7000000000007,0.9523069421588346,0.026543548485402572,0.013683184006826355,64.8506816218119,296,9.020540013408912
STN-PUN-095,Pune,market,Gen2,2023-11-30,Active,18.39892,73.770288,32210,30600,897,462,143,108,1979630.45,242.69127600124185,207.0,432.0,0.9500155231294629,0.027848494256442098,0.014343371623719342,64.69380555555556,259,8.040981061782055
STN-PUN-096,Pune,commercial_hub,Gen2,2023-10-01,Active,18.705217,73.748507,46174,43872,1278,708,191,125,2964613.2,242.3816433490709,206.0,432.0,0.9501451033048902,0.02767791397756313,0.015333304457053753,67.57415207877462,389,8.424654567505522
STN-PUN-097,Pune,market,Gen2,2023-07-29,Active,18.558179,73.667398,32232,30698,850,430,157,97,1994521.75,242.4479089103996,206.0,432.0,0.9524075452965997,0.026371308016877638,0.013340779349714569,64.97236790670402,263,8.159592951104493
STN-PUN-098,Pune,commercial_hub,Gen2,2023-12-03,Active,18.569468,73.675777,32923,31399,828,460,148,88,2055623.4,243.01324302159585,206.0,433.0,0.9537101722200285,0.02514959147100811,0.013971995261671172,65.46779833752667,268,8.140205935060596
STN-PUN-099,Pune,commercial_hub,Gen1,2023-06-23,Active,18.592434,73.673963,34534,32684,1084,535,121,110,2101138.3,244.3405629234957,208.0,438.0,0.9464296056060694,0.031389355417849076,0.015491978919325881,64.28644902704687,281,8.13690855388892
STN-PUN-100,Pune,market,Gen2,2023-07-21,Active,18.375993,73.776926,34916,33233,922,515,144,102,2165733.9,243.13916256157634,207.0,434.0,0.9517986023599496,0.026406232099896895,0.01474968495818536,65.16817320133602,306,8.763890480009165
STN-PUN-101,Pune,transit_hub,Gen2,2023-08-26,Active,18.387803,73.790694,23099,21942,653,324,106,74,1462330.95,241.25360405212348,206.0,431.0,0.949911251569332,0.028269622061561108,0.014026581237282999,66.64528985507246,201,8.701675397203342
STN-PUN-102,Pune,residential,Gen3,2024-09-19,Active,18.57124,73.671191,12733,12123,346,156,63,45,857036.5,242.05418990025916,206.0,433.0,0.9520929867274013,0.027173486216916672,0.01225162962381214,70.69508372515054,139,10.916516139165948
STN-PUN-103,Pune,tech_park,Gen2,2024-10-23,Active,18.70739,73.764106,17950,17042,516,251,89,52,1189381.5,242.3733147632312,206.0,436.0,0.9494150417827298,0.02874651810584958,0.013983286908077994,69.79119234831593,187,10.41782729805014
STN-PUN-104,Pune,highway_fuel_pump,Gen2,2024-08-20,Active,18.593716,73.699665,13347,12736,346,174,56,35,873013.9,241.42773657001572,206.0,427.0,0.9542219225294074,0.025923428485802053,0.013036637446617217,68.54694566582914,150,11.238480557428636
STN-PUN-105,Pune,residential,Gen2,2024-10-24,Active,18.570362,73.700716,11742,11150,333,162,64,33,763365.7,242.5778402316471,206.0,431.0,0.9495826946005791,0.028359734287174247,0.013796627491057742,68.46329147982063,115,9.793902231306422
STN-PUN-106,Pune,highway_fuel_pump,Gen3,2024-09-18,Active,18.661044,73.947885,37570,35911,925,476,153,105,2552728.75,242.46715464466328,206.0,432.0,0.955842427468725,0.024620708011711474,0.012669683257918552,71.08486953858149,367,9.76843225978174
STN-PUN-107,Pune,highway_fuel_pump,Gen3,2025-03-18,Active,18.564331,73.669712,3145,2979,94,43,15,14,209792.6,243.7793322734499,210.0,437.0,0.9472178060413354,0.029888712241653417,0.013672496025437202,70.4238335011749,32,10.174880763116057
STN-PUN-108,Pune,transit_hub,Gen3,2025-02-15,Active,18.36339,73.785395,5592,5314,153,78,30,17,358072.5,244.82153075822603,208.0,447.0,0.9502861230329042,0.02736051502145923,0.013948497854077254,67.38285660519382,65,11.623748211731044
STN-PUN-109,Pune,market,Gen3,2025-04-08,Active,18.593667,73.688233,6584,6263,173,95,37,16,417521.45,243.46992709599027,206.0,435.0,0.9512454434993924,0.026275820170109356,0.014428918590522479,66.66476927989781,87,13.213851761846902
STN-PUN-110,Pune,market,Gen3,2025-02-14,Active,18.591364,73.680897,8081,7743,188,94,35,21,526850.25,244.7745328548447,209.0,432.0,0.9581734933795323,0.023264447469372604,0.011632223734686302,68.04213483146067,82,10.14725900259869
STN-MUM-111,Mumbai,commercial_hub,Gen2,2023-07-10,Active,18.997792,72.98355,30905,29496,758,412,155,84,1870355.9,244.40294450736127,207.0,434.0,0.9544086717359651,0.024526775602653293,0.01333117618508332,63.410492948196364,251,8.121663161300761
STN-MUM-112,Mumbai,commercial_hub,Gen2,2023-12-08,Active,19.001774,73.0015,35310,33744,866,440,152,108,2112679.75,243.05080713678845,205.0,437.0,0.9556499575191164,0.02452563013310677,0.012461059190031152,62.60904901612138,304,8.609459076748797
STN-MUM-113,Mumbai,commercial_hub,Gen2,2023-08-23,Active,19.231872,72.924697,40607,38889,936,472,177,133,2378801.0,243.3161523875194,207.0,436.40000000000146,0.957692023542739,0.023050213017460044,0.011623611692565322,61.16899380287485,314,7.732656931070998
STN-MUM-114,Mumbai,commercial_hub,Gen2,2023-12-16,Active,19.005108,73.00389,28198,26903,720,354,120,101,1662395.45,241.99627633165474,206.0,429.0,0.9540747570749698,0.025533725796155756,0.01255408184977658,61.79219603761662,223,7.908362295198241
STN-MUM-115,Mumbai,commercial_hub,Gen1,2023-10-20,Active,18.970197,72.985313,35223,33669,851,463,146,94,2090823.8,243.92255060613803,207.0,434.0,0.955881100417341,0.02416034977145615,0.013144820145927378,62.09937331076064,287,8.148085058058655
STN-MUM-116,Mumbai,market,Gen2,2023-09-15,Active,19.201421,72.904601,36184,34670,805,456,147,106,2135023.65,244.16051293389344,207.0,436.0,0.958158302011939,0.022247402166703515,0.012602255140393544,61.581299394289005,292,8.069865133760777
STN-MUM-117,Mumbai,market,Gen2,2023-08-01,Active,19.187733,72.95422,26692,25516,639,328,132,77,1631315.5,242.629476996853,207.0,432.0,0.9559418552375244,0.023939757230630902,0.012288326090214297,63.93304201285468,234,8.766671661921174
STN-MUM-118,Mumbai,market,Gen2,2023-11-10,Active,19.185048,72.978428,29088,27737,707,418,136,90,1822260.15,244.65614686468646,208.0,434.0,0.9535547304730473,0.024305555555555556,0.01437018701870187,65.69780978476403,224,7.700770077007701
STN-MUM-119,Mumbai,commercial_hub,Gen2,2023-08-01,Active,19.219636,72.886092,37128,35512,869,480,161,106,2207418.2,243.5369532428356,207.0,432.0,0.9564748976513683,0.023405516052574876,0.012928248222365869,62.15978260869566,303,8.160956690368456
STN-MUM-120,Mumbai,residential,Gen2,2023-11-24,Active,18.997594,73.002306,19279,18443,438,262,79,57,1173177.45,243.97053789096944,207.0,436.0,0.9566367550184138,0.022719020696094196,0.013589916489444473,63.61098790869164,148,7.676746719228176
STN-MUM-121,Mumbai,commercial_hub,Gen1,2023-10-14,Active,18.995324,72.999556,36108,34469,916,464,145,114,2153740.6,242.55167829843802,207.0,431.2999999999993,0.9546083970311289,0.025368339426165946,0.0128503378752631,62.483408279903685,310,8.585355045973191
STN-MUM-122,Mumbai,market,Gen2,2023-08-30,Active,19.1622,72.981689,29282,27956,738,407,112,69,1872551.7,242.35192268287685,206.0,432.0,0.9547162079092958,0.02520319650297111,0.01389932381667919,66.9821040206038,247,8.435216173758622
STN-MUM-123,Mumbai,residential,Gen2,2023-12-16,Active,19.202196,72.9799,36164,34537,897,459,147,124,2217163.9,242.59362902333814,206.0,432.0,0.9550105076872027,0.024803672160159274,0.012692180068576486,64.19677157830732,296,8.184935294768279
STN-MUM-124,Mumbai,transit_hub,Gen2,2024-08-08,Active,19.206822,72.904445,17280,16480,428,233,83,56,1057838.65,244.14033564814815,208.0,437.0,0.9537037037037037,0.02476851851851852,0.013483796296296296,64.18923847087378,171,9.895833333333332
STN-MUM-125,Mumbai,residential,Gen2,2024-08-30,Active,18.988068,72.984211,14364,13779,317,166,57,45,864654.55,242.18546365914787,206.0,431.0,0.9592731829573935,0.022069061542745752,0.011556669451406293,62.75161840481893,129,8.98078529657477
STN-MUM-126,Mumbai,commercial_hub,Gen2,2024-09-23,Active,19.17894,73.002036,38677,36861,995,509,198,114,2433859.4,241.86229542105127,206.0,432.0,0.9530470305349432,0.025725883600072396,0.013160276133102361,66.02803505059548,394,10.186932802440728
STN-MUM-127,Mumbai,highway_fuel_pump,Gen2,2024-08-31,Active,19.235086,72.896368,14133,13505,345,177,59,47,855775.1,245.38944314724404,208.0,440.0,0.9555649897403241,0.02441095308851624,0.012523880280195288,63.36727878563495,132,9.339842920823605
STN-MUM-128,Mumbai,market,Gen3,2025-04-13,Active,18.989586,72.997926,5293,5058,125,75,20,15,323817.8,243.35197430568675,206.0,433.0,0.9556017381447195,0.023616096731532213,0.014169658038919328,64.02091735863978,53,10.013225014169658
STN-MUM-129,Mumbai,market,Gen3,2025-03-26,Active,19.203505,72.90577,8367,8016,190,107,34,20,491503.0,244.07266642763236,207.0,433.0,0.9580494801003944,0.02270825863511414,0.012788335126090594,61.31524451097805,81,9.68088920760129
STN-MUM-130,Mumbai,highway_fuel_pump,Gen3,2025-04-14,Active,19.201382,72.886496,3903,3740,90,42,14,17,234906.55,239.31539841147836,207.0,428.0,0.9582372533948245,0.023059185242121444,0.010760953112990008,62.809237967914434,33,8.455034588777863
STN-MUM-131,Mumbai,transit_hub,Gen3,2025-04-25,Active,19.237652,72.905634,2983,2838,77,42,15,11,184052.6,242.05732484076432,207.0,431.0,0.9513912168957426,0.025812939993295342,0.014079785450888367,64.85292459478507,39,13.074086490110625
STN-MUM-132,Mumbai,residential,Gen3,2025-03-02,Active,18.970414,73.001311,5125,4894,131,61,24,15,314806.45,244.21034146341464,209.0,437.0,0.9549268292682926,0.025560975609756096,0.011902439024390244,64.32497956681651,52,10.146341463414634
STN-JAI-133,Jaipur,market,Gen1,2023-11-13,Active,26.910752,75.667455,25937,23766,1332,654,107,78,1495697.75,243.91039827273778,204.0,448.0,0.916297181632417,0.05135520684736091,0.025214943902533062,62.93434949086931,339,13.070131472413927
STN-JAI-134,Jaipur,commercial_hub,Gen1,2023-09-17,Active,26.803329,75.86716,42925,39313,2221,1084,193,114,2434335.95,242.77719277810135,204.0,444.0,0.9158532323820617,0.051741409435061156,0.025253348864298194,61.92190751151019,584,13.605125218404194
STN-JAI-135,Jaipur,commercial_hub,Gen1,2023-08-26,Active,26.903037,75.642205,29930,27493,1483,741,130,83,1691233.9,242.9359171399933,205.0,444.1000000000022,0.9185766789174741,0.049548947544269965,0.02475776812562646,61.51507292765431,368,12.295355830270632
STN-JAI-136,Jaipur,transit_hub,Gen1,2023-07-24,Active,26.824337,75.85503,29340,26785,1570,753,139,93,1747866.15,241.8741308793456,204.0,441.0,0.9129175187457396,0.05351056578050443,0.025664621676891614,65.25540974425985,368,12.542603953646898
STN-JAI-137,Jaipur,commercial_hub,Gen1,2023-08-16,Active,26.795325,75.855718,44369,40488,2380,1192,191,118,2529150.85,242.78358764001894,204.0,444.0,0.9125290180080687,0.05364105569203723,0.026865604363406882,62.466677781070935,586,13.20741959476211
STN-JAI-138,Jaipur,market,Gen1,2023-08-26,Active,26.81922,75.864944,48945,44703,2635,1239,218,150,2804974.6,243.4396363264889,205.0,446.0,0.9133312902237205,0.05383593829808969,0.025314128102972726,62.74689841845066,674,13.77055879047911
STN-JAI-139,Jaipur,commercial_hub,Gen1,2023-09-24,Active,26.915033,75.635205,31659,28950,1657,853,122,77,1850340.4,243.12820998768123,204.0,445.0,0.9144319150952336,0.052338987333775545,0.02694336523579393,63.91503972366148,400,12.634637859692345
STN-JAI-140,Jaipur,commercial_hub,Gen1,2023-09-15,Active,26.803011,75.873369,44113,40381,2346,1084,181,121,2499570.2,242.59504001088115,204.0,443.0,0.9153990887040102,0.05318160179538912,0.024573255049531884,61.89966073153216,626,14.190828100559926
STN-JAI-141,Jaipur,commercial_hub,Gen1,2023-06-06,Active,26.818902,75.880865,45590,41609,2474,1215,185,107,2528045.8,243.74233384514147,204.0,450.0,0.9126782189076552,0.05426628646633033,0.02665058126782189,60.75718714701146,645,14.14783943847335
STN-JAI-142,Jaipur,commercial_hub,Gen1,2023-10-05,Active,26.926922,75.669042,33319,30405,1740,938,136,100,1946904.75,244.33362345808698,207.0,446.0,0.9125423932290885,0.05222245565593205,0.028152105405324288,64.0323877651702,436,13.0856268195324
STN-JAI-143,Jaipur,highway_fuel_pump,Gen2,2024-10-26,Active,26.916222,75.6392,12102,11404,424,194,42,38,739735.3,245.14741365063625,208.0,444.0,0.942323582878863,0.035035531317137665,0.01603040819699223,64.86630129779026,173,14.295157825152867
STN-JAI-144,Jaipur,residential,Gen3,2024-10-23,Active,26.92117,75.653451,10452,9970,276,139,36,31,645601.2,242.07682740145427,204.0,437.0,0.9538844240336778,0.02640642939150402,0.013298890164561806,64.75438314944834,123,11.768082663605052
STN-JAI-145,Jaipur,highway_fuel_pump,Gen2,2024-08-23,Active,26.825823,75.85458,19682,18556,656,314,99,57,1178179.45,243.57971750838328,207.0,438.0,0.942790366832639,0.033329946143684584,0.015953663245605123,63.49318010347057,287,14.581851437862005
STN-JAI-146,Jaipur,residential,Gen2,2024-09-04,Active,26.833278,75.871283,16947,16000,542,295,58,52,1012654.15,241.35062252906118,206.0,432.0,0.9441199032277099,0.03198206172183867,0.0174072107157609,63.290884375000005,204,12.0375287661533
STN-JAI-147,Jaipur,market,Gen3,2025-02-27,Active,26.929376,75.646709,7112,6718,208,131,36,19,446418.55,245.72173790776154,207.0,443.90000000000055,0.9446006749156356,0.02924634420697413,0.01841957255343082,66.4511089610003,90,12.65466816647919
STN-JAI-148,Jaipur,highway_fuel_pump,Gen3,2025-02-01,Active,26.951471,75.742828,26552,25179,790,385,123,75,1585442.8,244.75828562820126,208.0,440.0,0.9482901476348298,0.02975293763181681,0.014499849352214522,62.9668692164105,386,14.53751129858391
STN-JAI-149,Jaipur,residential,Gen3,2025-02-23,Active,26.800606,75.864423,7167,6758,224,129,30,26,424558.3,243.6020650202316,207.0,436.40000000000055,0.9429328868424725,0.03125436026231338,0.01799916282963583,62.82306895531222,92,12.836612250592996
STN-JAI-150,Jaipur,market,Gen3,2025-03-01,Active,26.810605,75.876903,11483,10880,343,178,47,35,667904.65,243.89175302621265,209.0,433.0,0.9474875903509535,0.02987024296786554,0.015501175650962292,61.38829503676471,155,13.498214752242445
