station_id,total_hours,avg_chargers_online,avg_charge_minutes,avg_ambient_temp_c,avg_cabinet_temp_c,total_outage_minutes,telemetry_missing_hours,availability_pct
STN-BLR-001,13128,17.984993906154784,88.3608622790981,17.493890920170628,24.05957495429616,180,0,1.0
STN-BLR-002,13128,15.98217550274223,64.05100238663485,17.482704852824185,24.04805091487669,60,558,0.9574954296160878
STN-BLR-003,13128,15.984689213893967,64.03751523461304,17.493890920170628,24.067931139549053,60,0,1.0
STN-BLR-004,13128,15.982023156611822,88.31118220597196,17.493890920170628,24.057602071907375,240,0,1.0
STN-BLR-005,13128,11.984841560024375,88.37488574040219,17.493890920170628,24.054418037781844,60,0,1.0
STN-BLR-006,13128,11.9852985984156,88.38146534653465,17.49959603960396,24.074724752475248,0,503,0.9616849482023156
STN-BLR-007,13128,17.985222425350397,64.06285510236471,17.506824313601015,24.081264878590698,60,526,0.9599329677026204
STN-BLR-008,13128,17.98385131017672,63.99019652650823,17.493890920170628,24.066857099329678,180,0,1.0
STN-BLR-009,13128,19.98545094454601,88.41971358927483,17.493890920170628,24.049253503960998,120,0,1.0
STN-BLR-010,13128,7.984993906154783,64.07289762340037,17.493890920170628,24.054113345521024,60,0,1.0
STN-BLR-011,13128,13.984003656307129,88.37814594759294,17.493890920170628,24.052970749542965,0,0,1.0
STN-BLR-012,13128,15.987050578915296,88.38247257769653,17.493890920170628,24.073849786715417,120,0,1.0
STN-BLR-013,13128,7.982023156611822,64.08820079219988,17.493890920170628,24.076150213284585,120,0,1.0
STN-BLR-014,13128,11.98308957952468,88.36463284582571,17.493890920170628,24.061144119439366,60,0,1.0
STN-BLR-015,13128,7.986288848263254,64.04897166361975,17.493890920170628,24.05938452163315,120,0,1.0
STN-BLR-016,13128,19.98583180987203,64.0742154174284,17.493890920170628,24.07556368068251,180,0,1.0
STN-BLR-017,13128,7.9843083485679465,64.09067641681901,17.493890920170628,24.053724862888483,0,0,1.0
STN-BLR-018,13128,7.9849177330895795,64.0580591102986,17.493890920170628,24.07261578305911,180,0,1.0
STN-BLR-019,13128,13.983013406459476,88.29723491773309,17.493890920170628,24.072851919561245,60,0,1.0
STN-BLR-020,13128,15.986745886654479,64.0117154174284,17.493890920170628,24.0713436928702,0,0,1.0
STN-BLR-021,6384,11.981516290726818,64.1764411027569,17.0765664160401,23.636168546365912,120,0,1.0
STN-BLR-022,6384,7.986998746867168,64.11644736842105,17.0765664160401,23.6515977443609,120,0,1.0
STN-BLR-023,7320,15.982923497267759,64.11527322404372,17.108497267759564,23.670464480874315,60,0,1.0
STN-BLR-024,6864,11.98397435897436,64.0407634032634,17.090472027972027,23.657939976689978,0,0,1.0
STN-BLR-025,6336,19.988005050505052,41.991761363636364,17.081139520202022,23.654434974747474,0,0,1.0
STN-BLR-026,6576,11.983880778588809,64.05057927313125,17.053499444532616,23.616425964132677,60,275,0.9581812652068127
STN-BLR-027,2064,11.982558139534884,42.0421996124031,23.23861434108527,29.807461240310076,0,0,1.0
STN-BLR-028,3168,7.982954545454546,41.97881944444444,20.990498737373734,27.582449494949493,0,0,1.0
STN-BLR-029,1536,11.988932291666666,41.977739726027394,23.830753424657534,30.36349315068493,0,76,0.9505208333333334
STN-BLR-030,1704,7.984741784037559,42.08485915492958,23.58720657276995,30.130927230046947,0,0,1.0
STN-BLR-031,2328,11.981958762886597,42.03823024054983,22.796864261168384,29.388187285223367,0,0,1.0
STN-BLR-032,2904,21.984159779614323,42.04769283746556,21.6267217630854,28.22351928374656,0,0,1.0
STN-DEL-033,13128,15.986593540524071,93.95069317489336,18.023270871419864,24.60021328458257,60,0,1.0
STN-DEL-034,13128,17.984917733089578,64.74326630103594,18.023270871419864,24.599474405850092,0,0,1.0
STN-DEL-035,13128,15.986136502132846,94.06482327848873,18.023270871419864,24.608363802559413,180,0,1.0
STN-DEL-036,13128,21.9871267519805,93.95879798903108,18.023270871419864,24.586174588665447,120,0,1.0
STN-DEL-037,13128,15.984003656307129,93.97303473491773,18.023270871419864,24.588375990249848,360,0,1.0
STN-DEL-038,13128,7.983698964046313,94.07176264472884,18.023270871419864,24.608927483241924,420,0,1.0
STN-DEL-039,13128,11.983698964046313,93.96088513101768,18.023270871419864,24.581870810481412,180,0,1.0
STN-DEL-040,13128,21.985222425350397,93.94168951858623,18.023270871419864,24.593845216331506,120,0,1.0
STN-DEL-041,13128,7.984613040828763,64.80912553321146,18.023270871419864,24.589267215112738,240,0,1.0
STN-DEL-042,13128,7.984841560024376,64.7728366849482,18.023270871419864,24.588269347958562,0,0,1.0
STN-DEL-043,13128,11.98308957952468,94.07938561676457,18.02257501190665,24.596777266232735,240,530,0.9596282754418037
STN-DEL-044,13128,7.984841560024376,64.84513513513514,18.04224960254372,24.613728139904612,120,548,0.9582571602681292
STN-DEL-045,13128,15.987888482632542,94.04405088360755,18.023270871419864,24.606139549055456,60,0,1.0
STN-DEL-046,13128,15.982251675807435,64.82571836799492,18.062660739799966,24.62604381647881,180,530,0.9596282754418037
STN-DEL-047,13128,15.983546617915906,93.8633226691042,18.023270871419864,24.59727300426569,60,0,1.0
STN-DEL-048,13128,15.982251675807435,93.88180225472273,18.023270871419864,24.596168494820233,240,0,1.0
STN-DEL-049,13128,13.984993906154784,94.0465341255332,18.023270871419864,24.597509140767823,60,0,1.0
STN-DEL-050,13128,11.983851310176721,93.91517389232968,18.030339844370335,24.609488645386694,60,534,0.9593235831809872
STN-DEL-051,5784,15.988589211618256,64.43380013831258,15.037361687413556,21.58974757952974,0,0,1.0
STN-DEL-052,7680,7.984244791666667,64.65859375,17.08225260416667,23.658385416666665,240,0,1.0
STN-DEL-053,7872,11.98755081300813,64.6182037601626,17.04485518292683,23.618178353658536,120,0,1.0
STN-DEL-054,6552,17.987942612942614,64.82521367521367,17.109539072039073,23.686309523809527,120,0,1.0
STN-DEL-055,6624,11.985658212560386,42.14219504830918,17.11171497584541,23.690549516908213,0,0,1.0
STN-DEL-056,5928,15.978238866396762,64.85026990553307,17.290873819163295,23.851821862348178,60,0,1.0
STN-DEL-057,3432,11.98513986013986,42.26958041958042,23.477797202797202,30.048892773892774,0,0,1.0
STN-DEL-058,2232,15.977598566308243,42.44359318996416,28.602060931899643,35.192741935483866,0,0,1.0
STN-DEL-059,3168,7.982007575757576,42.29671717171717,24.591698232323232,31.151167929292928,60,0,1.0
STN-DEL-060,1944,15.99022633744856,42.43235136582753,29.21987145152651,35.77718264595608,0,77,0.9603909465020576
STN-DEL-061,2616,15.98165137614679,42.39594801223242,26.831536697247707,33.38119266055046,60,0,1.0
STN-DEL-062,2328,13.985824742268042,42.41305841924399,28.15356529209622,34.745360824742264,60,0,1.0
STN-HYD-063,13128,17.98514625228519,64.52148080438756,19.197539609993907,25.749535344302256,120,0,1.0
STN-HYD-064,13128,21.98453686776356,91.29988574040219,19.197539609993907,25.765051797684336,60,0,1.0
STN-HYD-065,13128,15.985984156002438,91.09600091407678,19.197539609993907,25.75229280926264,120,0,1.0
STN-HYD-066,13128,15.984460694698354,64.42852681291895,19.197539609993907,25.76699421084704,120,0,1.0
STN-HYD-067,13128,11.984993906154784,91.19230652041439,19.197539609993907,25.764922303473494,0,0,1.0
STN-HYD-068,13128,11.985527117611213,91.22646252285192,19.197539609993907,25.775159963436927,60,0,1.0
STN-HYD-069,13128,21.985070079219987,91.17390994133503,19.159679720944983,25.734699540193436,60,514,0.9608470444850701
STN-HYD-070,13128,21.98697440585009,91.16189061547837,19.197539609993907,25.77319469835466,0,0,1.0
STN-HYD-071,13128,21.9852985984156,91.22103138330286,19.197539609993907,25.77259293113955,60,0,1.0
STN-HYD-072,13128,11.986898232784887,91.18777422303474,19.197539609993907,25.76952315661182,0,0,1.0
STN-HYD-073,13128,15.986288848263253,91.21485374771481,19.197539609993907,25.76147166361974,60,0,1.0
STN-HYD-074,13128,7.983546617915905,91.20805149299208,19.197539609993907,25.778945764777575,0,0,1.0
STN-HYD-075,13128,7.984079829372334,64.45746496039,19.197539609993907,25.75609384521633,0,0,1.0
STN-HYD-076,13128,15.98621267519805,91.22659201706276,19.197539609993907,25.765219378427787,60,0,1.0
STN-HYD-077,13128,15.983622790981109,91.26288848263253,19.197539609993907,25.781680377818404,0,0,1.0
STN-HYD-078,13128,17.98476538695917,91.23976234003656,19.197539609993907,25.77320231566118,120,0,1.0
STN-HYD-079,6504,17.984932349323493,64.4144680196802,18.491374538745387,25.05141451414514,0,0,1.0
STN-HYD-080,6000,15.9855,64.41035,18.59525,25.1611,60,0,1.0
STN-HYD-081,7440,7.985618279569892,42.08844086021505,18.516236559139784,25.09233870967742,0,0,1.0
STN-HYD-082,6240,11.986057692307693,64.50165064102563,18.53429487179487,25.090657051282054,60,0,1.0
STN-HYD-083,7416,21.98408845738943,42.066693635382954,18.523206580366775,25.101577669902913,120,0,1.0
STN-HYD-084,2856,7.988795518207283,42.10368344274252,24.789059080962804,31.381035740335523,0,114,0.9600840336134454
STN-HYD-085,2232,17.98521505376344,42.29193548387097,26.70931899641577,33.29507168458782,0,0,1.0
STN-HYD-086,3552,15.982263513513514,42.126126126126124,22.725929054054053,29.275281531531533,60,0,1.0
STN-HYD-087,2592,7.987654320987654,42.19236111111111,25.492708333333336,32.07619598765432,0,0,1.0
STN-HYD-088,1944,15.98559670781893,42.26172839506173,27.15869341563786,33.72777777777778,120,0,1.0
STN-JAI-133,13128,15.984613040828762,94.7016758074345,18.2650365630713,24.83344759293114,60,0,1.0
STN-JAI-134,13128,19.98621267519805,94.80869134673979,18.2650365630713,24.842367458866544,180,0,1.0
STN-JAI-135,13128,11.985146252285192,94.78721815965875,18.2650365630713,24.833371419865934,120,0,1.0
STN-JAI-136,13128,13.98750761730652,94.80847806215722,18.2650365630713,24.83930530164534,180,0,1.0
STN-JAI-137,13128,7.98438452163315,94.80527117611213,18.2650365630713,24.84184186471664,240,0,1.0
STN-JAI-138,13128,11.9834704448507,94.6923699880905,18.28034140531957,24.862628026994837,60,533,0.9593997562461913
STN-JAI-139,13128,15.98567946374162,94.8207463279079,18.302405716554187,24.864009527590316,180,533,0.9593997562461913
STN-JAI-140,13128,15.982861060329068,94.7768662400975,18.2650365630713,24.850441803778182,60,0,1.0
STN-JAI-141,13128,15.986822059719684,94.74501828153565,18.2650365630713,24.833706581352835,240,0,1.0
STN-JAI-142,13128,17.98514625228519,94.7123582136908,18.21319901641945,24.779122709605776,60,521,0.960313833028641
STN-JAI-143,5952,11.984543010752688,64.9319556451613,17.520127688172042,24.08765120967742,120,0,1.0
STN-JAI-144,6024,15.98738379814077,42.193409694555115,17.49878818061089,24.08409694555113,180,0,1.0
STN-JAI-145,7488,15.986511752136753,64.75689102564102,17.35679754273504,23.92528044871795,0,0,1.0
STN-JAI-146,7200,13.9825,64.73663888888889,17.39375,23.96922222222222,0,0,1.0
STN-JAI-147,2976,15.984879032258064,42.376931142957005,25.76162181055575,32.35365256903181,60,115,0.9613575268817204
STN-JAI-148,3600,7.983611111111111,42.36633333333333,23.075972222222223,29.635083333333334,180,0,1.0
STN-JAI-149,3072,21.986328125,42.25302734375,25.287141927083336,31.85924479166667,60,0,1.0
STN-JAI-150,2928,11.985997267759563,42.32230191256831,26.01632513661202,32.632308743169396,60,0,1.0
STN-MUM-111,13128,7.986060329067642,63.99039457647776,19.488139853747715,26.059559719683122,540,0,1.0
STN-MUM-112,13128,15.984765386959172,64.00108927483242,19.488139853747715,26.075891224862886,600,0,1.0
STN-MUM-113,13128,21.985222425350397,63.992177026203535,19.488139853747715,26.055423522242535,120,0,1.0
STN-MUM-114,13128,15.985527117611213,64.02104661791591,19.488139853747715,26.048400365630716,240,0,1.0
STN-MUM-115,13128,15.984460694698354,88.1510435709933,19.488139853747715,26.069980195003048,300,0,1.0
STN-MUM-116,13128,21.985374771480803,64.03190914866582,19.489842757306228,26.06928208386277,480,536,0.9591712370505789
STN-MUM-117,13128,15.986517367458866,64.04859841560024,19.488139853747715,26.061753503961,540,0,1.0
STN-MUM-118,13128,7.986517367458867,63.98955034832172,19.495226409119695,26.06335497150095,1140,496,0.9622181596587447
STN-MUM-119,13128,17.985222425350397,64.01738269347958,19.488139853747715,26.064229128580134,180,0,1.0
STN-MUM-120,13128,17.984917733089578,64.06449573430835,19.488139853747715,26.05624619134674,420,0,1.0
STN-MUM-121,13128,15.984613040828762,88.16767215112736,19.488139853747715,26.063878732480195,480,0,1.0
STN-MUM-122,13128,11.984765386959172,64.09520871419866,19.488139853747715,26.056901279707496,720,0,1.0
STN-MUM-123,13128,11.98179463741621,63.95857708714198,19.488139853747715,26.064251980499694,360,0,1.0
STN-MUM-124,7848,15.984199796126402,64.0381625891947,19.01986493374108,25.60540265035678,60,0,1.0
STN-MUM-125,7320,11.987978142076503,64.03207650273224,19.086871584699452,25.64726775956284,240,0,1.0
STN-MUM-126,6744,15.98576512455516,64.10084459459459,19.074662162162163,25.654007985257984,60,232,0.9655990510083037
STN-MUM-127,7296,17.983826754385966,63.991186951754386,19.08751370614035,25.65409813596491,120,0,1.0
STN-MUM-128,1896,15.983122362869198,41.97194046306505,24.468798235942668,31.087375964718852,0,82,0.9567510548523207
STN-MUM-129,2328,15.989690721649485,42.00300687285223,23.86786941580756,30.445876288659793,0,0,1.0
STN-MUM-130,1872,11.98076923076923,42.0099358974359,24.45705128205128,31.048824786324786,180,0,1.0
STN-MUM-131,1608,7.985074626865671,41.936940298507466,24.768781094527363,31.349067164179107,180,0,1.0
STN-MUM-132,2904,7.988636363636363,42.00464876033058,22.901962809917357,29.47830578512397,120,0,1.0
STN-PUN-089,13128,15.986136502132846,64.12698811700183,17.31726081657526,23.88879494210847,120,0,1.0
STN-PUN-090,13128,11.982861060329068,64.13590798293723,17.31726081657526,23.89801950030469,300,0,1.0
STN-PUN-091,13128,15.982480195003047,88.93442260816576,17.31726081657526,23.888360755636807,0,0,1.0
STN-PUN-092,13128,19.987050578915294,88.89618372943328,17.31726081657526,23.898080438756857,240,0,1.0
STN-PUN-093,13128,15.985755636806825,88.9555225472273,17.31726081657526,23.873781230956734,180,0,1.0
STN-PUN-094,13128,19.98514625228519,64.16599190283401,17.31852028260697,23.883242041755974,60,531,0.9595521023765996
STN-PUN-095,13128,15.985222425350397,64.20052559414991,17.31726081657526,23.888513101767217,180,0,1.0
STN-PUN-096,13128,15.986822059719684,64.12758988421695,17.31726081657526,23.89651889092017,180,0,1.0
STN-PUN-097,13128,21.984079829372334,64.11637083993661,17.335221870047544,23.902472266244057,0,508,0.961304082876295
STN-PUN-098,13128,11.982784887263863,64.09852224253504,17.31726081657526,23.89632845825716,180,0,1.0
STN-PUN-099,13128,11.984765386959172,88.95688604509445,17.31726081657526,23.88343997562462,60,0,1.0
STN-PUN-100,13128,19.987279098110907,64.18446069469836,17.31726081657526,23.883249542961607,180,0,1.0
STN-PUN-101,13128,15.984689213893967,64.1754359543437,17.31880152187698,23.883631896005074,60,512,0.9609993906154783
STN-PUN-102,6840,13.985964912280702,42.06347953216375,16.702368421052633,23.2837134502924,0,0,1.0
STN-PUN-103,6024,17.98489375830013,64.14497011952191,16.809395750332005,23.392778884462153,120,0,1.0
STN-PUN-104,7560,21.988095238095237,64.07160052910052,16.703690476190474,23.289298941798943,120,0,1.0
STN-PUN-105,6000,15.9865,64.18423333333334,16.8172,23.388166666666667,180,0,1.0
STN-PUN-106,6864,15.986742424242424,42.06923076923077,16.70744463869464,23.2745337995338,0,0,1.0
STN-PUN-107,2520,11.984126984126984,42.075158730158726,23.606349206349208,30.19563492063492,0,0,1.0
STN-PUN-108,3264,17.988357843137255,42.08238357843137,21.49436274509804,28.086948529411767,0,0,1.0
STN-PUN-109,2016,11.987599206349206,42.09603174603175,24.970287698412697,31.54642857142857,0,0,1.0
STN-PUN-110,3288,11.981751824817518,42.139172749391726,21.415206812652066,27.999726277372265,0,0,1.0
