partner_name_display,total_attempts,completed_swaps,failed_swaps,abandoned_swaps,avg_list_price,median_list_price,avg_discount,avg_amount_charged,revenue,total_margin,valid_margin_events,revenue_per_completed_swap,margin_per_completed_swap
CargoTuk,146009,131332,9014,4562,107.95649583244868,110.0,8.636519666595895,89.46296735132766,13062398.4,7704471.06664,131332,99.4608960497061,58.66408085340968
DabbaXpress,97695,92026,3354,1644,66.66932801064537,65.0,5.33354624085163,59.91774195199345,5853663.8,4191829.54458,92026,63.60880403364266,45.550491649968485
FeastFly,549121,516358,19002,9647,66.53684707013572,65.0,6.653684707013572,58.32471895993779,32027328.0,22623761.7262,516358,62.02543196774331,43.814101313817154
HaulKing,59159,53120,3695,1909,107.80625095082743,110.0,7.546437566557921,90.11466049121859,5331093.2,3165581.68615,53120,100.35943524096386,59.593028730233435
LastMileHub,85004,80332,2666,1433,67.39082866688626,65.0,6.739082866688626,57.386205355042115,4878057.0,3376524.95466,80332,60.723709107205096,42.032128599561815
MetroMove,86473,81914,2622,1336,66.89550495530396,65.0,8.027460594636477,55.86751934129728,4831032.0,3328243.27522,81914,58.97687818932051,40.630945567546455
ParcelNest,312700,296207,9223,4924,66.40235049568277,65.0,9.960352574352415,53.53406539814519,16740102.25,11369783.72391,296207,56.514877264885705,38.3845882234721
QuickCart,135716,127959,4565,2228,65.91201479560259,65.0,5.932081331604232,58.462968625659464,7934360.25,5645762.27198,127959,62.0070510866762,44.12165046600864
RideMitra,126484,119503,3971,2044,66.09140286518453,65.0,3.9654841719110716,59.25330871888934,7494595.5,5351016.21813,119503,62.71470590696468,44.777254279223115
Swiggle Go,252269,237629,8531,4309,66.73737161522025,65.0,7.341110877674229,55.86203536700903,14092259.8,9728541.45919,237629,59.30361950772002,40.940042920645205
Unregistered_Fleet,1293239,1218515,43279,22002,66.53142613236996,65.0,0.0,64.26897967042441,83115151.0,60976421.56475,1218515,68.21019929996758,50.04158468689347
UrbanErrand,87144,82363,2734,1381,66.19457449738364,65.0,3.3097287248691822,59.98093385660516,5226978.5,3723680.06056,82363,63.46270169857824,45.21059287009944
ZipDrop,583917,549370,20125,10244,66.83004605106548,65.0,14.663647059427964,48.988935756280426,28605472.4,18090020.77249,549370,52.06959317035877,32.92866514824253
