partner_name_display,completed_swaps,margin_per_completed_swap,avg_discount,flag_unusually_low_margin,flag_unusually_high_discount
CargoTuk,131332,58.66408085340968,8.636519666595895,False,True
DabbaXpress,92026,45.550491649968485,5.33354624085163,False,False
FeastFly,516358,43.814101313817154,6.653684707013572,False,False
HaulKing,53120,59.593028730233435,7.546437566557921,False,False
LastMileHub,80332,42.032128599561815,6.739082866688626,False,False
MetroMove,81914,40.630945567546455,8.027460594636477,True,True
ParcelNest,296207,38.3845882234721,9.960352574352415,True,True
QuickCart,127959,44.12165046600864,5.932081331604232,False,False
RideMitra,119503,44.777254279223115,3.9654841719110716,False,False
Swiggle Go,237629,40.940042920645205,7.341110877674229,True,False
Unregistered_Fleet,1218515,50.04158468689347,0.0,False,False
UrbanErrand,82363,45.21059287009944,3.3097287248691822,False,False
ZipDrop,549370,32.92866514824253,14.663647059427964,True,True
