event_month_str,is_peak,total_attempts,completed_swaps,failed_swaps,abandoned_swaps,avg_list_price,median_list_price,avg_discount,avg_amount_charged,revenue,total_margin,valid_margin_events,revenue_per_completed_swap,margin_per_completed_swap
2024-01,False,108278,103508,2643,1371,64.68830233288388,60.0,4.589336707364377,57.248964701970856,6198803.4,3921016.18378,103508,59.88719132820652,37.881286313908106
2024-02,False,109269,104435,2619,1421,64.71204092652079,60.0,4.599090318388564,57.254811520193286,6256176.0,3969111.0606,104435,59.90497438598171,38.00556384928424
2024-03,False,121485,116147,2874,1539,64.6415606865045,60.0,4.570399637815368,57.23001687451125,6952588.6,4430536.39957,116147,59.86025123335084,38.14593919403859
2024-04,False,128991,120117,5333,2643,64.70172337604949,60.0,4.5334248125838235,55.84913831197525,7204036.2,4610103.11069,120117,59.975159219760734,38.38010531972993
2024-05,False,143189,125454,11192,5452,64.57716724050032,60.0,4.513539447862615,52.47060039528176,7513212.8,4837151.14234,125454,59.88818849937029,38.55716949909927
2024-06,False,145878,130878,9375,4549,64.47497223707481,60.0,4.482200194683228,53.65615788535626,7827253.0,5074852.24027,130878,59.80571983068201,38.77544155832149
2024-07,False,155343,148611,3657,1995,70.15488306521698,65.0,4.875537681131432,62.22874059339655,9666799.25,6567266.90934,148611,65.04766975526711,44.190987943961076
2024-08,False,168898,161686,3876,2130,70.09952752548875,65.0,4.895645892787363,62.22346741820507,10509419.2,7171038.10075,161686,64.99894363148324,44.35163279906733
2024-09,False,192477,184049,4599,2403,69.77898658021478,65.0,4.892059570753908,61.84196917034242,11903156.7,8137594.050890001,184049,64.6738460953333,44.214280169357075
2024-10,False,208060,198977,4948,2626,69.89644813995963,65.0,5.3557605979044505,62.352750408536,12973113.25,8917057.97027,198977,65.19905943903065,44.81451610120768
2024-10,True,18394,17570,444,234,67.51984342720452,65.0,0.0,74.76470588235294,1375222.0,1051468.12224,17570,78.27103016505407,59.84451464086511
2024-11,False,215730,206538,4928,2675,69.91343345848978,65.0,7.169243035275576,60.69633894219626,13094021.2,8950222.99492,206538,63.39763723866794,43.334509847679364
2024-11,True,19085,18315,397,239,67.5559339795651,65.0,0.0,75.13020696882369,1433860.0,1099909.15068,18315,78.2888342888343,60.05509968222768
2024-12,False,239154,228540,5709,3078,69.97804761785294,65.0,7.206226113717521,60.58338894603477,14488759.8,9970240.79973,228540,63.3970412181675,43.62580204660016
2024-12,True,21237,20408,430,242,67.61901398502613,65.0,0.0,75.48424918773838,1603059.0,1234514.00791,20408,78.55051940415524,60.491670320952565
2025-01,False,254891,243892,5957,3267,69.94152402399457,65.0,7.208265886202338,60.62620786924607,15453074.75,10719455.10976,243892,63.3603182966231,43.951647080511044
2025-01,True,22866,21938,506,276,67.54854368932038,65.0,0.0,75.21888393247616,1719955.0,1330861.9424,21938,78.40072021150515,60.664688777463766
2025-02,False,242376,231936,5648,3062,69.95847361124864,65.0,7.169197239000561,60.67634666798693,14706490.2,10302173.92879,231936,63.407535699503306,44.41817539661803
2025-02,True,21678,20808,432,262,67.47024633268752,65.0,0.0,75.16482147799613,1629423.0,1266478.8374,20808,78.3075259515571,60.864996030372936
2025-03,False,275367,263272,6552,3487,69.94160520323786,65.0,7.145012292685761,60.62269879833095,16693490.7,11828569.0197,263272,63.40777105047251,44.92908102532742
2025-03,True,24359,23355,551,275,67.72301818629664,65.0,0.0,75.44377848023318,1837735.0,1435637.45784,23355,78.68700492399914,61.470240113037896
2025-04,False,283646,265143,11004,5391,70.01297391819381,65.0,7.107984600523187,59.39740274849636,16847835.7,12047113.48749,265143,63.54244954609399,45.43628716387006
2025-04,True,25197,24114,571,308,67.68960590546493,65.0,0.0,75.07608048577211,1891692.0,1484467.69699,24114,78.44787260512565,61.56040876627686
2025-05,False,309468,277631,20004,9622,70.06524099422234,65.0,7.108479067302596,57.10427039306165,17671944.35,12771902.38244,277631,63.652633711653245,46.003156644755094
2025-05,True,27899,26113,1036,551,67.75009856984121,65.0,0.0,73.5056453636331,2050734.0,1618856.94571,26113,78.53306782062575,61.994291950752505
2025-06,False,304346,277059,16802,8225,70.07345258357265,65.0,7.113254322383077,57.94936026759018,17636656.0,12895884.24461,277059,63.65667962419557,46.54562473917108
2025-06,True,27369,26134,694,340,67.72278855639593,65.0,0.0,75.04771822134532,2053981.0,1632155.02735,26134,78.59420678043928,62.453318563939696
