event_month_str,total_attempts,completed_swaps,failed_swaps,abandoned_swaps,avg_list_price,median_list_price,avg_discount,avg_amount_charged,revenue,total_margin,valid_margin_events,revenue_per_completed_swap,margin_per_completed_swap
2024-01,108278,103508,2643,1371,64.68830233288388,60.0,4.589336707364377,57.248964701970856,6198803.4,3921016.18378,103508,59.88719132820652,37.881286313908106
2024-02,109269,104435,2619,1421,64.71204092652079,60.0,4.599090318388564,57.254811520193286,6256176.0,3969111.0606,104435,59.90497438598171,38.00556384928424
2024-03,121485,116147,2874,1539,64.6415606865045,60.0,4.570399637815368,57.23001687451125,6952588.6,4430536.39957,116147,59.86025123335084,38.14593919403859
2024-04,128991,120117,5333,2643,64.70172337604949,60.0,4.5334248125838235,55.84913831197525,7204036.2,4610103.11069,120117,59.975159219760734,38.38010531972993
2024-05,143189,125454,11192,5452,64.57716724050032,60.0,4.513539447862615,52.47060039528176,7513212.8,4837151.14234,125454,59.88818849937029,38.55716949909927
2024-06,145878,130878,9375,4549,64.47497223707481,60.0,4.482200194683228,53.65615788535626,7827253.0,5074852.24027,130878,59.80571983068201,38.77544155832149
2024-07,155343,148611,3657,1995,70.15488306521698,65.0,4.875537681131432,62.22874059339655,9666799.25,6567266.90934,148611,65.04766975526711,44.190987943961076
2024-08,168898,161686,3876,2130,70.09952752548875,65.0,4.895645892787363,62.22346741820507,10509419.2,7171038.10075,161686,64.99894363148324,44.35163279906733
2024-09,192477,184049,4599,2403,69.77898658021478,65.0,4.892059570753908,61.84196917034242,11903156.7,8137594.050890001,184049,64.6738460953333,44.214280169357075
2024-10,226454,216547,5392,2860,69.70340554814665,65.0,4.9207324666378165,63.36092650162947,14348335.25,9968526.09251,216547,66.25968150101363,46.03400690155024
2024-11,234815,224853,5325,2914,69.72182356323063,65.0,6.586550262972979,61.86947682217916,14527881.2,10050132.1456,224853,64.61057313000049,44.69645566481212
2024-12,260391,248948,6139,3320,69.78564927359241,65.0,6.61849987134732,61.79867506941484,16091818.8,11204754.80764,248948,64.63927727878915,45.008414639362435
2025-01,277757,265830,6463,3543,69.7445248904618,65.0,6.614854351105463,61.82753179937859,17173029.75,12050317.05216,265830,64.60154892224354,45.33091469044126
2025-02,264054,252744,6080,3324,69.75419800495354,65.0,6.580628772902513,61.86580472176146,16335913.2,11568652.76619,252744,64.63422751875414,45.772215230391225
2025-03,299726,286627,7103,3762,69.76129865276953,65.0,6.564330755423287,61.827221195358426,18531225.7,13264206.47754,286627,64.65275671866223,46.27689114263485
2025-04,308843,289257,11575,5699,69.8234216090376,65.0,6.528078667802087,60.676549897520744,18739527.7,13531581.18448,289257,64.78504478716158,46.780479589016
2025-05,337367,303744,21040,10173,69.8737872998841,65.0,6.520634205479492,58.46060328959264,19722678.35,14390759.32815,303744,64.93191091840498,47.37792130264302
2025-06,331715,303193,17496,8565,69.87950499675927,65.0,6.526356963055635,59.36010430640761,19690637.0,14528039.27196,303193,64.94423354101183,47.91680306590192
