event_month_str,completed_swaps,revenue,revenue_per_completed_swap,total_margin,margin_per_completed_swap,revenue_mom_change,margin_mom_change
2024-01,103508,6198803.4,59.88719132820652,3921016.18378,37.881286313908106,,
2024-02,104435,6256176.0,59.90497438598171,3969111.0606,38.00556384928424,0.00925543145956187,0.012265921527932822
2024-03,116147,6952588.6,59.86025123335084,4430536.39957,38.14593919403859,0.11131601796368895,0.11625407601979476
2024-04,120117,7204036.2,59.975159219760734,4610103.11069,38.38010531972993,0.03616604037235871,0.04052933887134458
2024-05,125454,7513212.8,59.88818849937029,4837151.14234,38.55716949909927,0.04291713581339307,0.04925009835973437
2024-06,130878,7827253.0,59.80571983068201,5074852.24027,38.77544155832149,0.04179839016405884,0.04914072166349781
2024-07,148611,9666799.25,65.04766975526711,6567266.90934,44.190987943961076,0.23501811555088348,0.29408041818979114
2024-08,161686,10509419.2,64.99894363148324,7171038.10075,44.35163279906733,0.0871663855024194,0.091936447801644
2024-09,184049,11903156.7,64.6738460953333,8137594.050890001,44.214280169357075,0.13261793763065421,0.1347860569920707
2024-10,216547,14348335.25,66.25968150101363,9968526.09251,46.03400690155024,0.2054226968212558,0.22499672878370625
2024-11,224853,14527881.2,64.61057313000049,10050132.1456,44.69645566481212,0.012513364573078167,0.008186371017408156
2024-12,248948,16091818.8,64.63927727878915,11204754.80764,45.008414639362435,0.10765077016185964,0.11488631644962988
2025-01,265830,17173029.75,64.60154892224354,12050317.05216,45.33091469044126,0.06719010221517041,0.07546459150926288
2025-02,252744,16335913.2,64.63422751875414,11568652.76619,45.772215230391225,-0.04874600243442784,-0.039971088219928896
2025-03,286627,18531225.7,64.65275671866223,13264206.47754,46.27689114263485,0.1343856614027552,0.14656449161525065
2025-04,289257,18739527.7,64.78504478716158,13531581.18448,46.780479589016,0.011240594840955298,0.020157610437740114
2025-05,303744,19722678.35,64.93191091840498,14390759.32815,47.37792130264302,0.052464003668566406,0.06349429027964826
2025-06,303193,19690637.0,64.94423354101183,14528039.27196,47.91680306590192,-0.0016245942580106476,0.009539451024065393
