factor,factor_value,rider_count,returners,non_returners,retention_rate
first_completed,False,1032,1028,4,0.9961240310077519
first_completed,True,17669,17587,82,0.9953591035146302
first_failed,False,18119,18035,84,0.9953639825597439
first_failed,True,582,580,2,0.9965635738831615
first_abandoned,False,18395,18310,85,0.9953791791247621
first_abandoned,True,306,305,1,0.9967320261437909
is_first_peak,False,17855,17775,80,0.9955194623354803
is_first_peak,True,846,840,6,0.9929078014184397
first_queue_bucket,"(-0.001, 138.0]",4701,4685,16,0.9965964688364178
first_queue_bucket,"(138.0, 206.0]",4667,4644,23,0.9950717805871009
first_queue_bucket,"(206.0, 304.0]",4664,4646,18,0.9961406518010292
first_queue_bucket,"(304.0, 2267.0]",4669,4640,29,0.9937888198757764
