manufacturing_lot,lot_size,avg_soh,median_soh,avg_delivered_km,total_swaps
AM-2403,87,81.38850574712644,80.3,66.8903177541401,51119
AM-2404,71,80.94084507042254,80.3,64.98987675035002,42680
AM-2405,88,80.63636363636364,79.9,64.8033313008872,53974
AM-2406,91,81.01098901098901,80.3,64.78419607233879,55088
AM-2407,94,81.31170212765957,80.35,66.84013744841904,55642
AM-2408,87,80.92873563218392,80.2,65.24442939638276,52421
AM-2409,100,81.182,80.3,65.85509805033749,59531
AM-2410,81,80.60246913580247,80.2,64.07245468078196,49797
AM-2411,73,80.94931506849315,80.1,65.66675303410982,44151
AM-2412,81,81.16913580246913,80.1,66.22708642878136,48294
AM-2501,90,80.69444444444444,80.0,64.5992037202308,54923
AM-2502,65,81.17999999999999,80.3,65.40277653289415,38639
AM-2503,89,80.9314606741573,80.3,65.40207413835037,53567
AM-2504,84,80.88809523809525,80.1,65.30642569278383,50625
AM-2505,79,81.15189873417721,80.1,66.05733607239765,47182
AM-2506,47,81.17872340425532,80.3,66.54139962042817,28088
CE-2303,130,80.92384615384616,80.1,65.51913922539113,78286
CE-2304,142,80.94647887323943,80.2,65.53506913356608,85282
CE-2305,131,80.87022900763358,80.2,64.6686503360866,79362
CE-2306,122,80.64999999999999,80.2,63.94185246034581,74843
CE-2307,143,80.5986013986014,80.1,63.68764085342845,88053
CE-2308,136,80.87205882352941,80.2,64.92180834648462,82374
CE-2309,131,80.90839694656489,80.1,65.08744970004106,79150
CE-2310,117,80.61709401709402,80.1,63.792695719957834,71916
CE-2311,133,80.7218045112782,80.1,64.33311023662786,81201
CE-2312,137,80.707299270073,80.0,64.20918417209175,83799
CE-2401,150,81.026,80.2,65.36967094680796,90370
CE-2402,111,81.22612612612613,80.1,66.65469238351942,65732
CE-2403,122,81.22049180327869,80.15,66.32683361173402,72734
CE-2404,158,80.6126582278481,80.0,63.94858566355986,96720
CE-2405,127,80.63622047244094,80.3,63.64568728735221,77711
CE-2406,135,81.01407407407407,80.2,65.42722604182805,81097
CE-2407,116,81.11120689655172,80.35,65.56254268200749,69427
CE-2408,120,80.95666666666666,80.2,65.22853138120911,72104
CE-2409,139,81.30575539568345,80.3,66.52010797057365,82175
CE-2410,136,80.93602941176471,80.2,65.11506085774225,82061
CE-2411,126,81.07619047619048,80.2,65.12995518311367,75660
CE-2412,152,80.92631578947368,80.2,64.78635298403587,92081
CE-2501,111,80.89279279279279,80.2,65.32396417610366,67064
CE-2502,111,80.8954954954955,80.1,65.2586308525541,66929
CE-2503,150,81.18933333333334,80.3,65.99491413516775,89507
CE-2504,135,80.92370370370371,80.1,65.52698877702801,81433
CE-2505,134,81.3634328358209,80.3,66.94168486266477,78916
KY-2407,480,60.986041666666665,60.6,50.33482784727672,256349
KY-2408,500,61.0484,60.7,50.34727723881606,266959
KY-2409,481,60.91517671517671,60.8,49.7556900379743,257608
KY-2410,17,86.25882352941177,86.2,90.20114865631297,7229
KY-2411,21,86.5904761904762,86.5,90.10212908046154,8809
KY-2412,21,86.47142857142858,86.4,90.00279764858298,8824
KY-2413,24,86.66250000000001,86.7,90.45907363648706,10209
KY-2414,16,86.5,86.6,90.28864590284307,6822
KY-2415,24,86.57083333333333,86.6,90.25208905407918,9978
KY-2416,20,86.755,86.65,90.44700845153275,8319
KY-2417,20,86.61,86.75,90.11701087762803,8388
KY-2418,14,86.5,86.5,90.2569322713293,5870
